capture_id,component_type,source_path,size_bytes,sha256
bart_live_20260911_161720,gtfsrt_trip_updates,C:\Users\Igor\StudioProjects\BartRunnerAndroid\app\src\test\resources\bart_live_20260911_161720\trip_updates.pb,39295,9487858c75934e4e2e38b71dc21808239328a7b3df5c223f5a6777d4b36cb644
bart_live_20260911_161720,gtfsrt_alerts,C:\Users\Igor\StudioProjects\BartRunnerAndroid\app\src\test\resources\bart_live_20260911_161720\alerts.pb,15,cb131751156143fc17f8b376c963fb513a664104de067c97b3b693b528c5b99f
bart_live_20260911_161720,etd_xml,C:\Users\Igor\StudioProjects\BartRunnerAndroid\app\src\test\resources\bart_live_20260911_161720\etd\12th.xml,5403,b6340c3206edd3542f809dc1a6601691e6768cb3136e1b7452279f5e2312565b
bart_live_20260911_161720,etd_xml,C:\Users\Igor\StudioProjects\BartRunnerAndroid\app\src\test\resources\bart_live_20260911_161720\etd\16th.xml,7097,7597eba72e1f55d7a90e34c78b07b6796b52263bbcf6b925ce6a2f7d6add3f46
bart_live_20260911_161720,etd_xml,C:\Users\Igor\StudioProjects\BartRunnerAndroid\app\src\test\resources\bart_live_20260911_161720\etd\19th.xml,5383,8dbc92be6ebccbaa4e8e9f7b93d0098e1d7cee08d0ed7a4891a395cbc26d01f1
bart_live_20260911_161720,etd_xml,C:\Users\Igor\StudioProjects\BartRunnerAndroid\app\src\test\resources\bart_live_20260911_161720\etd\24th.xml,7089,47f88e80bbb0ab917fbc16d03e7977a202540d68a877143bbba6dc5133303282
bart_live_20260911_161720,etd_xml,C:\Users\Igor\StudioProjects\BartRunnerAndroid\app\src\test\resources\bart_live_20260911_161720\etd\antc.xml,1108,aba6d0a29f000ec1b654dec34bf8876965131fa6a8fe8bdda6b1ebd4bfba9764
bart_live_20260911_161720,etd_xml,C:\Users\Igor\StudioProjects\BartRunnerAndroid\app\src\test\resources\bart_live_20260911_161720\etd\ashb.xml,2798,1123ba00e4a546656e8fab4f6778261a0c91ede0f7eb8cb0fa19334a72b1495f
bart_live_20260911_161720,etd_xml,C:\Users\Igor\StudioProjects\BartRunnerAndroid\app\src\test\resources\bart_live_20260911_161720\etd\balb.xml,6834,64c22597635f8565a8fb951addff392b100295c95143ad62897d2606bd1f90bc
bart_live_20260911_161720,etd_xml,C:\Users\Igor\StudioProjects\BartRunnerAndroid\app\src\test\resources\bart_live_20260911_161720\etd\bayf.xml,3663,db3d49dba1250890395df4a57b628a52c5282efd84c9e6969cb30092f5dc62bd
bart_live_20260911_161720,etd_xml,C:\Users\Igor\StudioProjects\BartRunnerAndroid\app\src\test\resources\bart_live_20260911_161720\etd\bery.xml,1476,227d55c42554624170d557e54a281685d91795dbd2ccf3e025bf06da8f9748d0
bart_live_20260911_161720,etd_xml,C:\Users\Igor\StudioProjects\BartRunnerAndroid\app\src\test\resources\bart_live_20260911_161720\etd\cast.xml,1962,ed71627174eb734a6ce8f3fca3d82f21a92cb8ecb7cf0b59ebf4f6b342bf4507
bart_live_20260911_161720,etd_xml,C:\Users\Igor\StudioProjects\BartRunnerAndroid\app\src\test\resources\bart_live_20260911_161720\etd\civc.xml,7095,7cd5f8c9ab12eeb18ea64b7878e47275c18332a49e559e563db333468ba83927
bart_live_20260911_161720,etd_xml,C:\Users\Igor\StudioProjects\BartRunnerAndroid\app\src\test\resources\bart_live_20260911_161720\etd\colm.xml,4264,c1f6a2bbdadb0b4ec61c5eb27219113cdd03098b926b36c0334ae2fca27d537f
bart_live_20260911_161720,etd_xml,C:\Users\Igor\StudioProjects\BartRunnerAndroid\app\src\test\resources\bart_live_20260911_161720\etd\cols.xml,3666,e30ef3b24bbf579d98d7682a811b289dfa0b06996dd7d61bbf5b268d01f7f617
bart_live_20260911_161720,etd_xml,C:\Users\Igor\StudioProjects\BartRunnerAndroid\app\src\test\resources\bart_live_20260911_161720\etd\conc.xml,2828,c14f24f82f60a95a8b0bf769e60e027efc41269f742666077ed2b8ccee921817
bart_live_20260911_161720,etd_xml,C:\Users\Igor\StudioProjects\BartRunnerAndroid\app\src\test\resources\bart_live_20260911_161720\etd\daly.xml,5979,21da48d8972660d528cf9b57cae86f7ed59dea95d0ab069d86889e05efbe4aca
bart_live_20260911_161720,etd_xml,C:\Users\Igor\StudioProjects\BartRunnerAndroid\app\src\test\resources\bart_live_20260911_161720\etd\dbrk.xml,2809,f43ce3566d6e97dc10ef525f3416a86c7e12229447a9dafc1ee2ad8965ad91e2
bart_live_20260911_161720,etd_xml,C:\Users\Igor\StudioProjects\BartRunnerAndroid\app\src\test\resources\bart_live_20260911_161720\etd\deln.xml,2313,48f6a938865f6a795d14ce0b13c84c0f953d90edc36d53055be897db7dc786df
bart_live_20260911_161720,etd_xml,C:\Users\Igor\StudioProjects\BartRunnerAndroid\app\src\test\resources\bart_live_20260911_161720\etd\dubl.xml,860,c58c8fe22e1deb625e6a3c3ddd92c21595313b2251e404ab1cb6b129c60215d4
bart_live_20260911_161720,etd_xml,C:\Users\Igor\StudioProjects\BartRunnerAndroid\app\src\test\resources\bart_live_20260911_161720\etd\embr.xml,7094,e5ba2eadfdc91bcf5e1deb74edadd05346f4b4979bb4226682d6ddc2ea81fdb8
bart_live_20260911_161720,etd_xml,C:\Users\Igor\StudioProjects\BartRunnerAndroid\app\src\test\resources\bart_live_20260911_161720\etd\frmt.xml,2816,467ca9da297437557dac2528138e729f82b5d3bee861d42402a38f1e0dbe4e7c
bart_live_20260911_161720,etd_xml,C:\Users\Igor\StudioProjects\BartRunnerAndroid\app\src\test\resources\bart_live_20260911_161720\etd\ftvl.xml,3666,dc86acb848f33eca66caf2250be2aa8d2910ac73b4bc370bfe69003d69adb30b
bart_live_20260911_161720,etd_xml,C:\Users\Igor\StudioProjects\BartRunnerAndroid\app\src\test\resources\bart_live_20260911_161720\etd\glen.xml,7083,205c59d23a910e9e5030eddfdfa23119d4243c2d99256c676239e6041f17cc56
bart_live_20260911_161720,etd_xml,C:\Users\Igor\StudioProjects\BartRunnerAndroid\app\src\test\resources\bart_live_20260911_161720\etd\hayw.xml,2807,1959f9ccc8f41091c4dda50fd8702013b3fde673dcace6ac3f528464884f189d
bart_live_20260911_161720,etd_xml,C:\Users\Igor\StudioProjects\BartRunnerAndroid\app\src\test\resources\bart_live_20260911_161720\etd\lafy.xml,2830,5cca8e8a2fb9e9aea70171767cb28b8602c5b659475e7e4cad8dd3d12e876009
bart_live_20260911_161720,etd_xml,C:\Users\Igor\StudioProjects\BartRunnerAndroid\app\src\test\resources\bart_live_20260911_161720\etd\lake.xml,3675,99591bea408db36ac934085e9eb1b69559f1fef7d49202b0cea5656864672b84
bart_live_20260911_161720,etd_xml,C:\Users\Igor\StudioProjects\BartRunnerAndroid\app\src\test\resources\bart_live_20260911_161720\etd\mcar.xml,5375,1526623c0d9c02179c23059babbb3a7b363a6ff21b65ecc40aa94974cef7c966
bart_live_20260911_161720,etd_xml,C:\Users\Igor\StudioProjects\BartRunnerAndroid\app\src\test\resources\bart_live_20260911_161720\etd\mlbr.xml,850,b17ffb84570732a322b611ac5d816fcc7ad21fa71c37d62d7ffd2cb6fa856719
bart_live_20260911_161720,etd_xml,C:\Users\Igor\StudioProjects\BartRunnerAndroid\app\src\test\resources\bart_live_20260911_161720\etd\mlpt.xml,2558,3b24ad6ec9b99b84a7f61da66124a9f42ffd0e01eb9f467d1ed456b455055a64
bart_live_20260911_161720,etd_xml,C:\Users\Igor\StudioProjects\BartRunnerAndroid\app\src\test\resources\bart_live_20260911_161720\etd\mont.xml,7097,46129dd5b17d2c5c5e7abd1fd900fbeec9db5760b35a492fc2a221ac2803a2b3
bart_live_20260911_161720,etd_xml,C:\Users\Igor\StudioProjects\BartRunnerAndroid\app\src\test\resources\bart_live_20260911_161720\etd\nbrk.xml,2556,916d2e1c2a7b0447cfc8f5c4a2bf0421a8cc308d4ed88fb287ee44af6404e4d1
bart_live_20260911_161720,etd_xml,C:\Users\Igor\StudioProjects\BartRunnerAndroid\app\src\test\resources\bart_live_20260911_161720\etd\ncon.xml,2840,247743f49111ab7923e590637a97d9b3081fe5b5cf852d53dfb7d5054c90f919
bart_live_20260911_161720,etd_xml,C:\Users\Igor\StudioProjects\BartRunnerAndroid\app\src\test\resources\bart_live_20260911_161720\etd\orin.xml,2826,6a710e8324adc9049d250282bdf6437e0c7b4df86d8e0a662964e529501d32c5
bart_live_20260911_161720,etd_xml,C:\Users\Igor\StudioProjects\BartRunnerAndroid\app\src\test\resources\bart_live_20260911_161720\etd\pctr.xml,1967,d7987dd77a1ad2a8142fbbb2084e4f0158e3543df64450c49384f237efdafd20
bart_live_20260911_161720,etd_xml,C:\Users\Igor\StudioProjects\BartRunnerAndroid\app\src\test\resources\bart_live_20260911_161720\etd\phil.xml,2853,07337c435c3199e4aa9256096d6a91f7a29a6d3d473645c8781297c816759d4a
bart_live_20260911_161720,etd_xml,C:\Users\Igor\StudioProjects\BartRunnerAndroid\app\src\test\resources\bart_live_20260911_161720\etd\pitt.xml,1975,11c37af22067dad3de7a9bfaaca3d48f434d5576c841ba1fb8f03d0d05617267
bart_live_20260911_161720,etd_xml,C:\Users\Igor\StudioProjects\BartRunnerAndroid\app\src\test\resources\bart_live_20260911_161720\etd\plza.xml,2558,5ea0dbc251fcaba529be94095eada6bd539c73f3d309e12ea4d2a7c4f6f21e99
bart_live_20260911_161720,etd_xml,C:\Users\Igor\StudioProjects\BartRunnerAndroid\app\src\test\resources\bart_live_20260911_161720\etd\powl.xml,7092,159f2684a876813c1928e1813f9126a9c5bbbd2297133b1da9b9bfec1130cd09
bart_live_20260911_161720,etd_xml,C:\Users\Igor\StudioProjects\BartRunnerAndroid\app\src\test\resources\bart_live_20260911_161720\etd\rich.xml,1450,d045eb046106350168f6f0e8369cf4428618d01c06ca9414bc400406a3778776
bart_live_20260911_161720,etd_xml,C:\Users\Igor\StudioProjects\BartRunnerAndroid\app\src\test\resources\bart_live_20260911_161720\etd\rock.xml,2827,f4d9f1e6ad51e6941d5cf8579ade2914e79e96e710e8c543f5f222b9a2357aac
bart_live_20260911_161720,etd_xml,C:\Users\Igor\StudioProjects\BartRunnerAndroid\app\src\test\resources\bart_live_20260911_161720\etd\sanl.xml,3664,920a4b36b53b83742bf8708f62df280341ed95591b1b8b8c407b12e2f52d758b
bart_live_20260911_161720,etd_xml,C:\Users\Igor\StudioProjects\BartRunnerAndroid\app\src\test\resources\bart_live_20260911_161720\etd\sbrn.xml,4017,a8f5925b70642bc90827ac9420df44ba68037e9d39d38d4718a28538a8e16c45
bart_live_20260911_161720,etd_xml,C:\Users\Igor\StudioProjects\BartRunnerAndroid\app\src\test\resources\bart_live_20260911_161720\etd\sfia.xml,2931,7f7c83e8c0d8a125332acd420a8cb6e511f1f914afbc4e55c2faa7e51d506baa
bart_live_20260911_161720,etd_xml,C:\Users\Igor\StudioProjects\BartRunnerAndroid\app\src\test\resources\bart_live_20260911_161720\etd\shay.xml,2812,073b8b52eaead0ff68745859be3c7055489bb1be14047600e61eb1026c6d3adc
bart_live_20260911_161720,etd_xml,C:\Users\Igor\StudioProjects\BartRunnerAndroid\app\src\test\resources\bart_live_20260911_161720\etd\ssan.xml,4033,f5fe3552e928a14e735d9151874bb6d1a7dd14c86f44b475a8949833923df48b
bart_live_20260911_161720,etd_xml,C:\Users\Igor\StudioProjects\BartRunnerAndroid\app\src\test\resources\bart_live_20260911_161720\etd\ucty.xml,2809,c423842163ad28c57d0b9c04a92efb96c5ca5b5eef7f913f1b39432bc02f20ba
bart_live_20260911_161720,etd_xml,C:\Users\Igor\StudioProjects\BartRunnerAndroid\app\src\test\resources\bart_live_20260911_161720\etd\warm.xml,2580,ff14d83f3d0821d5af8f867072f0013f38a0bfc66baeafc18ca88e3cc6951481
bart_live_20260911_161720,etd_xml,C:\Users\Igor\StudioProjects\BartRunnerAndroid\app\src\test\resources\bart_live_20260911_161720\etd\wcrk.xml,2832,c08333a9b69e74248e268388392eb2d156890332d41f4b7a6769bfaf2a7fd8e4
bart_live_20260911_161720,etd_xml,C:\Users\Igor\StudioProjects\BartRunnerAndroid\app\src\test\resources\bart_live_20260911_161720\etd\wdub.xml,1724,00e29947a4b787183fcc57539f0ae6b13b23a9b4b11072ab52b26d799f38b8b3
bart_live_20260911_161720,etd_xml,C:\Users\Igor\StudioProjects\BartRunnerAndroid\app\src\test\resources\bart_live_20260911_161720\etd\woak.xml,7082,8442e58720aba3d14ab137a682852efecd086a3fc357046c8edb470a9d12da96
bart_live_20260911_185819,gtfsrt_trip_updates,C:\Users\Igor\StudioProjects\BartRunnerAndroid\app\src\test\resources\bart_live_20260911_185819\trip_updates.pb,35408,33c376e5410e1665930922cecb15bceed8f56b5715f9b9716eba801de78979a4
bart_live_20260911_185819,gtfsrt_alerts,C:\Users\Igor\StudioProjects\BartRunnerAndroid\app\src\test\resources\bart_live_20260911_185819\alerts.pb,675,5e18bff8defe4286422f169ef664bbf94040bf789d3a9d4fe0e0a264005770cf
bart_live_20260911_185819,etd_xml,C:\Users\Igor\StudioProjects\BartRunnerAndroid\app\src\test\resources\bart_live_20260911_185819\etd\12th.xml,5508,e835a87276d8a66b11ceb200ba37e187cd9f135f9da59e92cadafb6e5bf3e7ae
bart_live_20260911_185819,etd_xml,C:\Users\Igor\StudioProjects\BartRunnerAndroid\app\src\test\resources\bart_live_20260911_185819\etd\16th.xml,6940,80f133dc4dcc9fd8466d6e71f20fcb4ea0054a126ade55faf676e39fb0c17663
bart_live_20260911_185819,etd_xml,C:\Users\Igor\StudioProjects\BartRunnerAndroid\app\src\test\resources\bart_live_20260911_185819\etd\19th.xml,5499,e93d7a9e2b31d26c1a94ecb00d78dda1beda93050d3c9c7271899db984a619f2
bart_live_20260911_185819,etd_xml,C:\Users\Igor\StudioProjects\BartRunnerAndroid\app\src\test\resources\bart_live_20260911_185819\etd\24th.xml,6695,b89c7bcf58a53e850f5b209ea44683e3ceb3bd1fe409904c150197f7f40b0965
bart_live_20260911_185819,etd_xml,C:\Users\Igor\StudioProjects\BartRunnerAndroid\app\src\test\resources\bart_live_20260911_185819\etd\antc.xml,1108,dab23bb59bbaef2f0df23c681d2d6cff42ea2084144bbd47da0c9e79620dae2d
bart_live_20260911_185819,etd_xml,C:\Users\Igor\StudioProjects\BartRunnerAndroid\app\src\test\resources\bart_live_20260911_185819\etd\ashb.xml,2796,dbb08a4b62052ee28c9e83311b6d847437152e1dd8e68a24a25a8bb18a5a78db
bart_live_20260911_185819,etd_xml,C:\Users\Igor\StudioProjects\BartRunnerAndroid\app\src\test\resources\bart_live_20260911_185819\etd\balb.xml,6688,a2dcd0756641395927f30556f4c8e0dbf0f99cb52e5742317d7cef26f2f6426e
bart_live_20260911_185819,etd_xml,C:\Users\Igor\StudioProjects\BartRunnerAndroid\app\src\test\resources\bart_live_20260911_185819\etd\bayf.xml,3670,38bb176f1e98566b6cef89c43d32f2f114ef350b5ff1d8e73c954b8c7d68b1bf
bart_live_20260911_185819,etd_xml,C:\Users\Igor\StudioProjects\BartRunnerAndroid\app\src\test\resources\bart_live_20260911_185819\etd\bery.xml,1126,8ef65ade44d199b2cb29d4dd89ab63bb1651a5c97e90975a0a5371cc99281337
bart_live_20260911_185819,etd_xml,C:\Users\Igor\StudioProjects\BartRunnerAndroid\app\src\test\resources\bart_live_20260911_185819\etd\cast.xml,1971,5d3f338e99f0238a78fb7489a8f0e9bf16c9df6579264e376ca479b374356faf
bart_live_20260911_185819,etd_xml,C:\Users\Igor\StudioProjects\BartRunnerAndroid\app\src\test\resources\bart_live_20260911_185819\etd\civc.xml,6943,ea84d13340445c8e90bf8a932d73b752db54794576af195c135195afd8b7bf18
bart_live_20260911_185819,etd_xml,C:\Users\Igor\StudioProjects\BartRunnerAndroid\app\src\test\resources\bart_live_20260911_185819\etd\colm.xml,4010,2a378b0d61e4477be39ec8002b75e9344c6a32fd32a3e1be263de9c2149bdd03
bart_live_20260911_185819,etd_xml,C:\Users\Igor\StudioProjects\BartRunnerAndroid\app\src\test\resources\bart_live_20260911_185819\etd\cols.xml,3672,4d42ad163dac46d75d7afffc437c0feaec6f363f19d2d1013be8b731210942be
bart_live_20260911_185819,etd_xml,C:\Users\Igor\StudioProjects\BartRunnerAndroid\app\src\test\resources\bart_live_20260911_185819\etd\conc.xml,3190,7180b509705f121cc7b9505c5a3e391140d554d62e29936d0de54e4d40175f6a
bart_live_20260911_185819,etd_xml,C:\Users\Igor\StudioProjects\BartRunnerAndroid\app\src\test\resources\bart_live_20260911_185819\etd\daly.xml,5585,95ae6c9b45c1ab43b74cc5b0be9b1b619604f4842c5f441ac39e594fbfd7ce4c
bart_live_20260911_185819,etd_xml,C:\Users\Igor\StudioProjects\BartRunnerAndroid\app\src\test\resources\bart_live_20260911_185819\etd\dbrk.xml,2558,6e2ff6393fc5fe5b74faac2584ca7bcd48e53fdc7b26c9128849b875c394c9a6
bart_live_20260911_185819,etd_xml,C:\Users\Igor\StudioProjects\BartRunnerAndroid\app\src\test\resources\bart_live_20260911_185819\etd\deln.xml,2316,abfe1c90f3022c80768c738fa11fe94834814922babb6ded6190f6dd55eb6aac
bart_live_20260911_185819,etd_xml,C:\Users\Igor\StudioProjects\BartRunnerAndroid\app\src\test\resources\bart_live_20260911_185819\etd\dubl.xml,861,239616b59e9433d53071e367a98d912990e80711ba8a1ac8a1d17f9c0bf118fd
bart_live_20260911_185819,etd_xml,C:\Users\Igor\StudioProjects\BartRunnerAndroid\app\src\test\resources\bart_live_20260911_185819\etd\embr.xml,7185,8d66bf3fb2e3c5e0bdfcd5ffc4d11ed8f8cacb0edaac5dfa5a9a7cb1183ac45a
bart_live_20260911_185819,etd_xml,C:\Users\Igor\StudioProjects\BartRunnerAndroid\app\src\test\resources\bart_live_20260911_185819\etd\frmt.xml,2305,b43b919e700d8f56e236f7548d0c7c2bf1de78fef8738917f64dc782419bc2cc
bart_live_20260911_185819,etd_xml,C:\Users\Igor\StudioProjects\BartRunnerAndroid\app\src\test\resources\bart_live_20260911_185819\etd\ftvl.xml,3665,28e46d8b4e927316a34e43586a4c5991fa7e7fe0c637ce9deb87cce63f606cb2
bart_live_20260911_185819,etd_xml,C:\Users\Igor\StudioProjects\BartRunnerAndroid\app\src\test\resources\bart_live_20260911_185819\etd\glen.xml,6687,b190b5092dd8e020d7a2e49ad6e6ffd222e07ac1fd70e22a5d222b9bde4f2f8c
bart_live_20260911_185819,etd_xml,C:\Users\Igor\StudioProjects\BartRunnerAndroid\app\src\test\resources\bart_live_20260911_185819\etd\hayw.xml,2561,6812ed2ffe342504ee65867336e5e711ee198678db3e8438444a1187e8c8dca8
bart_live_20260911_185819,etd_xml,C:\Users\Igor\StudioProjects\BartRunnerAndroid\app\src\test\resources\bart_live_20260911_185819\etd\lafy.xml,3191,fd12fea92e9d3e2110eb80cde1b283ecdc5c9c01deb6c2c3ab1b5383c5ad124d
bart_live_20260911_185819,etd_xml,C:\Users\Igor\StudioProjects\BartRunnerAndroid\app\src\test\resources\bart_live_20260911_185819\etd\lake.xml,3672,5704a64fa962eda0b05c5ce50b861d3c8eb73237653a4508a6365619ef5617c6
bart_live_20260911_185819,etd_xml,C:\Users\Igor\StudioProjects\BartRunnerAndroid\app\src\test\resources\bart_live_20260911_185819\etd\mcar.xml,5486,2f7222e01bde4ab9bcd52b7c6d7d3d34840015dd6fb5b808a0bc317d48230756
bart_live_20260911_185819,etd_xml,C:\Users\Igor\StudioProjects\BartRunnerAndroid\app\src\test\resources\bart_live_20260911_185819\etd\mlbr.xml,848,dd6702126637d9380f87a8200a8ac65aeb93f513c39748e104598e0d7df4e117
bart_live_20260911_185819,etd_xml,C:\Users\Igor\StudioProjects\BartRunnerAndroid\app\src\test\resources\bart_live_20260911_185819\etd\mlpt.xml,1963,cdc1cd25da822dddc8218095da0f495c74850f2659e53419769dea3752eff2ce
bart_live_20260911_185819,etd_xml,C:\Users\Igor\StudioProjects\BartRunnerAndroid\app\src\test\resources\bart_live_20260911_185819\etd\mont.xml,7187,8a139edc0518c3e8359072faea610aa34b376d7763dfef3277dcf55195ff7629
bart_live_20260911_185819,etd_xml,C:\Users\Igor\StudioProjects\BartRunnerAndroid\app\src\test\resources\bart_live_20260911_185819\etd\nbrk.xml,2556,a4f3c5560a177787b8a8f367605c98374dc5fdb358fe894c2b1aebd234877ca1
bart_live_20260911_185819,etd_xml,C:\Users\Igor\StudioProjects\BartRunnerAndroid\app\src\test\resources\bart_live_20260911_185819\etd\ncon.xml,3203,b0d42aa33cc52e902997983bc40c924ff84efd19b915b0cbf6974d95f9e7668a
bart_live_20260911_185819,etd_xml,C:\Users\Igor\StudioProjects\BartRunnerAndroid\app\src\test\resources\bart_live_20260911_185819\etd\orin.xml,3187,ede9942e13089718c7e9c88d9c29fbcf3356124b636e89a61962c106eaa3e25e
bart_live_20260911_185819,etd_xml,C:\Users\Igor\StudioProjects\BartRunnerAndroid\app\src\test\resources\bart_live_20260911_185819\etd\pctr.xml,1967,c047f98057958690424b5edd5ae70fe320c41fc4983155967674d296c53122aa
bart_live_20260911_185819,etd_xml,C:\Users\Igor\StudioProjects\BartRunnerAndroid\app\src\test\resources\bart_live_20260911_185819\etd\phil.xml,3222,fe391e9f9c110b10797b1b8e5a1d029f1520805c192993a8b715fad10cddc19e
bart_live_20260911_185819,etd_xml,C:\Users\Igor\StudioProjects\BartRunnerAndroid\app\src\test\resources\bart_live_20260911_185819\etd\pitt.xml,2082,40b80b818821d90a2194017a0b0471873236cf471cd366bf7e79dc59809bd33f
bart_live_20260911_185819,etd_xml,C:\Users\Igor\StudioProjects\BartRunnerAndroid\app\src\test\resources\bart_live_20260911_185819\etd\plza.xml,2558,1b1154693a8d1eebf5be9ae4b308c224346ace8b2f0ed65ddfb06c81a9d128ec
bart_live_20260911_185819,etd_xml,C:\Users\Igor\StudioProjects\BartRunnerAndroid\app\src\test\resources\bart_live_20260911_185819\etd\powl.xml,7182,f70674f9f42196374b6a425fe7c64d636958e1ede31b1e634b12db9646a83c66
bart_live_20260911_185819,etd_xml,C:\Users\Igor\StudioProjects\BartRunnerAndroid\app\src\test\resources\bart_live_20260911_185819\etd\rich.xml,1449,8ed7898ac9b9c58960fc5c47806481b2749dc20146de2222626aac95ae5d83a4
bart_live_20260911_185819,etd_xml,C:\Users\Igor\StudioProjects\BartRunnerAndroid\app\src\test\resources\bart_live_20260911_185819\etd\rock.xml,3198,8166e73fc1895e78a4ab75c8eabb67860f3f05b73ab5c3fe11e57e0eaadf2e56
bart_live_20260911_185819,etd_xml,C:\Users\Igor\StudioProjects\BartRunnerAndroid\app\src\test\resources\bart_live_20260911_185819\etd\sanl.xml,3677,209fe89b12fe623a16a7579efd1c5a34559e1091151677140e89445a2c1e4a44
bart_live_20260911_185819,etd_xml,C:\Users\Igor\StudioProjects\BartRunnerAndroid\app\src\test\resources\bart_live_20260911_185819\etd\sbrn.xml,4015,e80ca71193f33dbe0976a36471805e32a7da057ace293ffe982ccd16fd38cdf1
bart_live_20260911_185819,etd_xml,C:\Users\Igor\StudioProjects\BartRunnerAndroid\app\src\test\resources\bart_live_20260911_185819\etd\sfia.xml,2311,11c0621aab63d6cb4c79caa86c8b1c9a7de00d5d6992454609de50739a2ac0b1
bart_live_20260911_185819,etd_xml,C:\Users\Igor\StudioProjects\BartRunnerAndroid\app\src\test\resources\bart_live_20260911_185819\etd\shay.xml,2313,74863a7699d7457a718f9ede080d15c96b41ee6d261e411d8e278f00911608e2
bart_live_20260911_185819,etd_xml,C:\Users\Igor\StudioProjects\BartRunnerAndroid\app\src\test\resources\bart_live_20260911_185819\etd\ssan.xml,4020,e1cee31b9e3dd5e67c5a6d407732a2f29e7ff2efec20198f94179d676000a264
bart_live_20260911_185819,etd_xml,C:\Users\Igor\StudioProjects\BartRunnerAndroid\app\src\test\resources\bart_live_20260911_185819\etd\ucty.xml,2306,14e01ae08f22efa2a097a0c0c0dd4c3d7929a36c386e48a8444648c78e4b4ce1
bart_live_20260911_185819,etd_xml,C:\Users\Igor\StudioProjects\BartRunnerAndroid\app\src\test\resources\bart_live_20260911_185819\etd\warm.xml,1975,b36959a1e5327105c150d5cab3afc0358c0cfece9c88d86215094532e006abb9
bart_live_20260911_185819,etd_xml,C:\Users\Igor\StudioProjects\BartRunnerAndroid\app\src\test\resources\bart_live_20260911_185819\etd\wcrk.xml,3195,2245b68423117b632ffddb9e89352fc5e0e228ca24e04326d2f90dcf74066863
bart_live_20260911_185819,etd_xml,C:\Users\Igor\StudioProjects\BartRunnerAndroid\app\src\test\resources\bart_live_20260911_185819\etd\wdub.xml,1728,63426d1019523732410c67be157eecbeca56c9f51f023fa16fdbbfab2a2cb035
bart_live_20260911_185819,etd_xml,C:\Users\Igor\StudioProjects\BartRunnerAndroid\app\src\test\resources\bart_live_20260911_185819\etd\woak.xml,7188,ff75c1ee236977a0d991d6894cb8d08a8bcced4660a0a75cc9586a7cf2335453
bart_live_20260912_071605,gtfsrt_trip_updates,C:\Users\Igor\StudioProjects\BartRunnerAndroid\app\src\test\resources\bart_live_20260912_071605\trip_updates.pb,22741,d80d24e62fd2a69695e5906bb1be49d4bd33519d683cba724cfe5ce74b84bf45
bart_live_20260912_071605,gtfsrt_alerts,C:\Users\Igor\StudioProjects\BartRunnerAndroid\app\src\test\resources\bart_live_20260912_071605\alerts.pb,748,4cf1ac8fcf28ceb1012c2f5b4be7ab7b97255e93e155792bc35844d6fb780c84
bart_live_20260912_071605,etd_xml,C:\Users\Igor\StudioProjects\BartRunnerAndroid\app\src\test\resources\bart_live_20260912_071605\etd\12th.xml,4523,7f5cc6cc65e994f32da5a6619f7ee9a5240b1cb8435658b7f813bc972e059ded
bart_live_20260912_071605,etd_xml,C:\Users\Igor\StudioProjects\BartRunnerAndroid\app\src\test\resources\bart_live_20260912_071605\etd\16th.xml,5118,bb0645920835d066bf989a222488b1a42113e12ab0b59f9d0707b520bec20e86
bart_live_20260912_071605,etd_xml,C:\Users\Igor\StudioProjects\BartRunnerAndroid\app\src\test\resources\bart_live_20260912_071605\etd\19th.xml,4532,04ffe730ae99442aca88ef915392453822b4c48614ee561c5cef0fc997640e2c
bart_live_20260912_071605,etd_xml,C:\Users\Igor\StudioProjects\BartRunnerAndroid\app\src\test\resources\bart_live_20260912_071605\etd\24th.xml,5103,8cfb224d9985c79a896d5d1a7d30f7817ccbfd45982f5ab0d2419d81730c119e
bart_live_20260912_071605,etd_xml,C:\Users\Igor\StudioProjects\BartRunnerAndroid\app\src\test\resources\bart_live_20260912_071605\etd\antc.xml,1108,1e86b25edd2a586368380cc79f9468ca036243ec08c8b71090fe0c52c344831f
bart_live_20260912_071605,etd_xml,C:\Users\Igor\StudioProjects\BartRunnerAndroid\app\src\test\resources\bart_live_20260912_071605\etd\ashb.xml,2796,a925b12bb614238c352a906c8d0f36ecfabc6d3a778af74496e6961c3e25c79e
bart_live_20260912_071605,etd_xml,C:\Users\Igor\StudioProjects\BartRunnerAndroid\app\src\test\resources\bart_live_20260912_071605\etd\balb.xml,5104,52f6c80874d48dd2fd269d57434f0c35370fefe44048e10295801d2c92839974
bart_live_20260912_071605,etd_xml,C:\Users\Igor\StudioProjects\BartRunnerAndroid\app\src\test\resources\bart_live_20260912_071605\etd\bayf.xml,4012,d905bc5d7f17802789b93f5079851c20130efe7d2240b1626da4e1a3ac800cb4
bart_live_20260912_071605,etd_xml,C:\Users\Igor\StudioProjects\BartRunnerAndroid\app\src\test\resources\bart_live_20260912_071605\etd\bery.xml,1126,5c7178034c69663b59f16690f8ff8c3bf789a93fa746d63cedf28d7e37f10aae
bart_live_20260912_071605,etd_xml,C:\Users\Igor\StudioProjects\BartRunnerAndroid\app\src\test\resources\bart_live_20260912_071605\etd\cast.xml,1959,925a303df3997982fa4457c6feaabc0bb296937c91a3071e72db8b78cbe058c0
bart_live_20260912_071605,etd_xml,C:\Users\Igor\StudioProjects\BartRunnerAndroid\app\src\test\resources\bart_live_20260912_071605\etd\civc.xml,5112,44ef8dc5ab6bd9db28a294165744fccce24f806586a516d2f00ab37e84379b5d
bart_live_20260912_071605,etd_xml,C:\Users\Igor\StudioProjects\BartRunnerAndroid\app\src\test\resources\bart_live_20260912_071605\etd\colm.xml,3391,e1ba399a314e18a2041cbbb6b43cb7e6443268a86ee984d133853090683849a0
bart_live_20260912_071605,etd_xml,C:\Users\Igor\StudioProjects\BartRunnerAndroid\app\src\test\resources\bart_live_20260912_071605\etd\cols.xml,4011,42c94c26870f3e72d8fb63feea2e34b84bd6df1710e4f0f09724dd6f347f4864
bart_live_20260912_071605,etd_xml,C:\Users\Igor\StudioProjects\BartRunnerAndroid\app\src\test\resources\bart_live_20260912_071605\etd\conc.xml,1957,47a26a4cce17b23b77d02354ef01f3c35e02e9fe217990d4a165450194316b8b
bart_live_20260912_071605,etd_xml,C:\Users\Igor\StudioProjects\BartRunnerAndroid\app\src\test\resources\bart_live_20260912_071605\etd\daly.xml,4255,f3b28a74fc82d2d92b60e39bfcd686aa8ec916766869c15524c52a7da72ef183
bart_live_20260912_071605,etd_xml,C:\Users\Igor\StudioProjects\BartRunnerAndroid\app\src\test\resources\bart_live_20260912_071605\etd\dbrk.xml,2807,2f00aad73afdc89f57ba7663cefa244e145c6a2d13bb7e89173a21edc6c6e8b4
bart_live_20260912_071605,etd_xml,C:\Users\Igor\StudioProjects\BartRunnerAndroid\app\src\test\resources\bart_live_20260912_071605\etd\deln.xml,2567,9003b92fd8c46f782e67b35d0598d24d4817a9ac1a0b177ab991b397c9fc4ffc
bart_live_20260912_071605,etd_xml,C:\Users\Igor\StudioProjects\BartRunnerAndroid\app\src\test\resources\bart_live_20260912_071605\etd\dubl.xml,860,b06b269d83157abaf790544e51c507cf3c6721096d2f2b0d3adb6e6ee73f91f3
bart_live_20260912_071605,etd_xml,C:\Users\Igor\StudioProjects\BartRunnerAndroid\app\src\test\resources\bart_live_20260912_071605\etd\embr.xml,5101,bde74db292c8d5d7007354bd61d475e034450e64004251e1f73c45a41c751f44
bart_live_20260912_071605,etd_xml,C:\Users\Igor\StudioProjects\BartRunnerAndroid\app\src\test\resources\bart_live_20260912_071605\etd\frmt.xml,301,94d934ac3f9d90b91ec0c759fb55a81b0b7099ad645eba1b3a3048e78c4e2b46
bart_live_20260912_071605,etd_xml,C:\Users\Igor\StudioProjects\BartRunnerAndroid\app\src\test\resources\bart_live_20260912_071605\etd\ftvl.xml,3665,570a0c03cc22270f8fc8ce3d0c1a964d2a7a631f617927e410be281522deee8d
bart_live_20260912_071605,etd_xml,C:\Users\Igor\StudioProjects\BartRunnerAndroid\app\src\test\resources\bart_live_20260912_071605\etd\glen.xml,5096,e300091ca75a5d5051bc5befc12228fd1a1d5f4027ad5f4496a67a75c01eced7
bart_live_20260912_071605,etd_xml,C:\Users\Igor\StudioProjects\BartRunnerAndroid\app\src\test\resources\bart_live_20260912_071605\etd\hayw.xml,2311,f2078144ff1cf2fd4ae6b5a6178da863ec45a8875b2ae0de999a87d29f4e04ff
bart_live_20260912_071605,etd_xml,C:\Users\Igor\StudioProjects\BartRunnerAndroid\app\src\test\resources\bart_live_20260912_071605\etd\lafy.xml,1960,79a6b21e4d971590d8cd4d8d72f2153fbd3b8a54ae9079c38c582a42abdf5736
bart_live_20260912_071605,etd_xml,C:\Users\Igor\StudioProjects\BartRunnerAndroid\app\src\test\resources\bart_live_20260912_071605\etd\lake.xml,3663,e5a1646e2c0fd3296f87832442edac6b6676a222045dbfc6759c15e3d22ce23c
bart_live_20260912_071605,etd_xml,C:\Users\Igor\StudioProjects\BartRunnerAndroid\app\src\test\resources\bart_live_20260912_071605\etd\mcar.xml,4506,da908a659b34260a91acf34b88aff7f679225339deaaaab727f74dc4e97d614c
bart_live_20260912_071605,etd_xml,C:\Users\Igor\StudioProjects\BartRunnerAndroid\app\src\test\resources\bart_live_20260912_071605\etd\mlbr.xml,848,66eec15a9b9d44e7e435047291dcd21c816754d82d0a45cf5f10ba9c2280748e
bart_live_20260912_071605,etd_xml,C:\Users\Igor\StudioProjects\BartRunnerAndroid\app\src\test\resources\bart_live_20260912_071605\etd\mlpt.xml,1956,f15a6d42a04255d4829d33a8989bfce9df8021dbae1ebd945ab4ef923b161c2c
bart_live_20260912_071605,etd_xml,C:\Users\Igor\StudioProjects\BartRunnerAndroid\app\src\test\resources\bart_live_20260912_071605\etd\mont.xml,5104,2b2a36f6f8562372ceae8685617749829ca9ff9272ee98225a599114b795a872
bart_live_20260912_071605,etd_xml,C:\Users\Igor\StudioProjects\BartRunnerAndroid\app\src\test\resources\bart_live_20260912_071605\etd\nbrk.xml,2555,e00c53c13db410dc3c4b56a23b6d70bebe36163b700a7304f067e1409c934309
bart_live_20260912_071605,etd_xml,C:\Users\Igor\StudioProjects\BartRunnerAndroid\app\src\test\resources\bart_live_20260912_071605\etd\ncon.xml,1722,999ca34c2e3cc0a8d23a81f38a1e062831e8ab3022edc59b35e55ec66cdc1dd7
bart_live_20260912_071605,etd_xml,C:\Users\Igor\StudioProjects\BartRunnerAndroid\app\src\test\resources\bart_live_20260912_071605\etd\orin.xml,1957,bea13b418a000a3d4c141a6eb150e73920677ec90cd14577ce578c708fe45fda
bart_live_20260912_071605,etd_xml,C:\Users\Igor\StudioProjects\BartRunnerAndroid\app\src\test\resources\bart_live_20260912_071605\etd\pctr.xml,1968,814f816bbe1b888b2bbcd12f09f91054da60dccbe925440b435d01b2106c6ace
bart_live_20260912_071605,etd_xml,C:\Users\Igor\StudioProjects\BartRunnerAndroid\app\src\test\resources\bart_live_20260912_071605\etd\phil.xml,1982,6ff1aedd2ce69be51340abbd443e8e7f55300b30d4d7c9e006cb7b2931c2dff2
bart_live_20260912_071605,etd_xml,C:\Users\Igor\StudioProjects\BartRunnerAndroid\app\src\test\resources\bart_live_20260912_071605\etd\pitt.xml,1720,11e6e7e6566c51d84b806a63121ba9d35c51e89ba324d276fdfed65165b075c4
bart_live_20260912_071605,etd_xml,C:\Users\Igor\StudioProjects\BartRunnerAndroid\app\src\test\resources\bart_live_20260912_071605\etd\plza.xml,2558,37c9f675620b16ee9b787c2bff029c8cd523ad0f66020a7b844f74b948f31028
bart_live_20260912_071605,etd_xml,C:\Users\Igor\StudioProjects\BartRunnerAndroid\app\src\test\resources\bart_live_20260912_071605\etd\powl.xml,5105,63e3976e6ec0db686968c2b82ed9f388225deb4ba9bc0b5b692f8f4c028854cd
bart_live_20260912_071605,etd_xml,C:\Users\Igor\StudioProjects\BartRunnerAndroid\app\src\test\resources\bart_live_20260912_071605\etd\rich.xml,1449,debe514817d7734e8ba259f040496797754a711b7eb6491db3c344b47c22a9b3
bart_live_20260912_071605,etd_xml,C:\Users\Igor\StudioProjects\BartRunnerAndroid\app\src\test\resources\bart_live_20260912_071605\etd\rock.xml,1958,b523ac27b61c86abe298319cd275f974a891c826677538cad7003d634c5bcd76
bart_live_20260912_071605,etd_xml,C:\Users\Igor\StudioProjects\BartRunnerAndroid\app\src\test\resources\bart_live_20260912_071605\etd\sanl.xml,4016,33a6435e826b9f0bf45b6742e77ecb935ebfaa0395cd88898779dd8835e8b92a
bart_live_20260912_071605,etd_xml,C:\Users\Igor\StudioProjects\BartRunnerAndroid\app\src\test\resources\bart_live_20260912_071605\etd\sbrn.xml,3144,a2a09e0de5d7c8ef6a1865c767e642b8f6f590f3a371244a312762434f5150f1
bart_live_20260912_071605,etd_xml,C:\Users\Igor\StudioProjects\BartRunnerAndroid\app\src\test\resources\bart_live_20260912_071605\etd\sfia.xml,2060,0b3c5a8e326463c9445c74ebab34833bb15d253e9e3fee8343c586bed5d677ba
bart_live_20260912_071605,etd_xml,C:\Users\Igor\StudioProjects\BartRunnerAndroid\app\src\test\resources\bart_live_20260912_071605\etd\shay.xml,1961,b8fcfdcc1d3dd6eee4f27d4fe08c371fa264ff819fd94d755a52946f5e927790
bart_live_20260912_071605,etd_xml,C:\Users\Igor\StudioProjects\BartRunnerAndroid\app\src\test\resources\bart_live_20260912_071605\etd\ssan.xml,3406,b324669374b2227118e7ed593c0c3c8294e39c5f9b71379b7ec7e74a60b249c9
bart_live_20260912_071605,etd_xml,C:\Users\Igor\StudioProjects\BartRunnerAndroid\app\src\test\resources\bart_live_20260912_071605\etd\ucty.xml,1112,4e7f58677c333f2219c14e1feb6a2d8c72f12d28657eb273329b9a34cd1e3643
bart_live_20260912_071605,etd_xml,C:\Users\Igor\StudioProjects\BartRunnerAndroid\app\src\test\resources\bart_live_20260912_071605\etd\warm.xml,873,cc4fb8f12bce335d5c7249af1cecc3c0d6fd9123918b23eec59fb224dc95f06a
bart_live_20260912_071605,etd_xml,C:\Users\Igor\StudioProjects\BartRunnerAndroid\app\src\test\resources\bart_live_20260912_071605\etd\wcrk.xml,1962,c97226ff8052be7124551d8da591c355a73d7e5aad2599590e18e71fcccd69c4
bart_live_20260912_071605,etd_xml,C:\Users\Igor\StudioProjects\BartRunnerAndroid\app\src\test\resources\bart_live_20260912_071605\etd\wdub.xml,1720,4166fe78f9c5b7c026b6c8f0762de9a9cc9a51ec8a4e4f30ba7a65be6c199ebf
bart_live_20260912_071605,etd_xml,C:\Users\Igor\StudioProjects\BartRunnerAndroid\app\src\test\resources\bart_live_20260912_071605\etd\woak.xml,5102,d8e8a60da3122377d674ff645ca6431855284f137dd5d49eca3ed938b8cb9238
bart_live_20260912_192815,gtfsrt_trip_updates,C:\Users\Igor\StudioProjects\BartRunnerAndroid\app\src\test\resources\bart_live_20260912_192815\trip_updates.pb,23195,e4d646f6e45d8b2fe67ea0132baf45bdc0873de7ec07469d52db58395cad0081
bart_live_20260912_192815,gtfsrt_alerts,C:\Users\Igor\StudioProjects\BartRunnerAndroid\app\src\test\resources\bart_live_20260912_192815\alerts.pb,1252,adaf3a39b68c632f3cc01c1b552498207be421b927f38f89bf3826207aec0639
bart_live_20260912_192815,etd_xml,C:\Users\Igor\StudioProjects\BartRunnerAndroid\app\src\test\resources\bart_live_20260912_192815\etd\12th.xml,4885,c2a4443ab8206ac2e88f189d32fa290e443f09d41fbaaad327ce1b7dba77fce2
bart_live_20260912_192815,etd_xml,C:\Users\Igor\StudioProjects\BartRunnerAndroid\app\src\test\resources\bart_live_20260912_192815\etd\16th.xml,6323,3bc05f611140081eccba379f669c8a77541a5c26c7c27ad06d3f2b095a90373a
bart_live_20260912_192815,etd_xml,C:\Users\Igor\StudioProjects\BartRunnerAndroid\app\src\test\resources\bart_live_20260912_192815\etd\19th.xml,4875,9e1253d45cb8479c36371ceaa833decfd2bfce82986082fa41e9151705e6988e
bart_live_20260912_192815,etd_xml,C:\Users\Igor\StudioProjects\BartRunnerAndroid\app\src\test\resources\bart_live_20260912_192815\etd\24th.xml,5976,6d51d002c6b5256557f27d4ebfa70a14bdb7ac8d46aa43c5023b44cfd20be841
bart_live_20260912_192815,etd_xml,C:\Users\Igor\StudioProjects\BartRunnerAndroid\app\src\test\resources\bart_live_20260912_192815\etd\antc.xml,1113,a2516199c18788173e1b516366940c242f7919f8f890afc67ed7192643bd8bc7
bart_live_20260912_192815,etd_xml,C:\Users\Igor\StudioProjects\BartRunnerAndroid\app\src\test\resources\bart_live_20260912_192815\etd\ashb.xml,2547,8f9136374e60bc87f545029b718dad86a3ca2f0aceb92df3ee0811ca78f11877
bart_live_20260912_192815,etd_xml,C:\Users\Igor\StudioProjects\BartRunnerAndroid\app\src\test\resources\bart_live_20260912_192815\etd\balb.xml,5977,c4ff4e4cfe5994abafa9ceb4615a3165809c70ef65ed80e1184197baa8231ebd
bart_live_20260912_192815,etd_xml,C:\Users\Igor\StudioProjects\BartRunnerAndroid\app\src\test\resources\bart_live_20260912_192815\etd\bayf.xml,3164,9886040877d7b49ec77e7110900450f3ca4c7dba5c9b844855e674fbd3b91663
bart_live_20260912_192815,etd_xml,C:\Users\Igor\StudioProjects\BartRunnerAndroid\app\src\test\resources\bart_live_20260912_192815\etd\bery.xml,869,ade59250e139fba2348742cd6546f396d40be634e9110f822e7fa959fe0092c1
bart_live_20260912_192815,etd_xml,C:\Users\Igor\StudioProjects\BartRunnerAndroid\app\src\test\resources\bart_live_20260912_192815\etd\cast.xml,1971,59e66c8c0082cd30a00e2d19b7041c6e2f06fccee8c633f53ac8acdb550457ea
bart_live_20260912_192815,etd_xml,C:\Users\Igor\StudioProjects\BartRunnerAndroid\app\src\test\resources\bart_live_20260912_192815\etd\civc.xml,6085,2f2401d6b1e62bbd71ba245991882ee92883816a975223adde382f309ecc554f
bart_live_20260912_192815,etd_xml,C:\Users\Igor\StudioProjects\BartRunnerAndroid\app\src\test\resources\bart_live_20260912_192815\etd\colm.xml,4502,fb96028df3cdd07bf337148c6ae733b80cb40cedb6a7ac17b125524d598b653f
bart_live_20260912_192815,etd_xml,C:\Users\Igor\StudioProjects\BartRunnerAndroid\app\src\test\resources\bart_live_20260912_192815\etd\cols.xml,3167,7687857faa81525a927f2ae121d087b732c26470434f72f847862ff7046bd1c6
bart_live_20260912_192815,etd_xml,C:\Users\Igor\StudioProjects\BartRunnerAndroid\app\src\test\resources\bart_live_20260912_192815\etd\conc.xml,1962,12178aa38e41fd822f0eb70cadf0d5cd5c7e0234477ed2da00db30a189cafca5
bart_live_20260912_192815,etd_xml,C:\Users\Igor\StudioProjects\BartRunnerAndroid\app\src\test\resources\bart_live_20260912_192815\etd\daly.xml,5113,12e70f66c4e2d1359e40c2bb961abe3a89709fe2299235d04291b904c0419a4d
bart_live_20260912_192815,etd_xml,C:\Users\Igor\StudioProjects\BartRunnerAndroid\app\src\test\resources\bart_live_20260912_192815\etd\dbrk.xml,2311,dc962b69358476630984a280de7445a12de42b9b4e3b9df27762b1e78deb738b
bart_live_20260912_192815,etd_xml,C:\Users\Igor\StudioProjects\BartRunnerAndroid\app\src\test\resources\bart_live_20260912_192815\etd\deln.xml,2321,c827c31d9b04a17b1ac3a556cd16e535d5f80d31d05616400c6036605acb49d7
bart_live_20260912_192815,etd_xml,C:\Users\Igor\StudioProjects\BartRunnerAndroid\app\src\test\resources\bart_live_20260912_192815\etd\dubl.xml,1112,a571c8589c10d0c6cda420274af6977be9c6fedd6f7a4eeffdfd7c30330b4af4
bart_live_20260912_192815,etd_xml,C:\Users\Igor\StudioProjects\BartRunnerAndroid\app\src\test\resources\bart_live_20260912_192815\etd\embr.xml,6073,b7f58dbea65b1b3d35aeca4c7396b96fcfe2aaec0f0ba3d9570d52fcf85ed9bd
bart_live_20260912_192815,etd_xml,C:\Users\Igor\StudioProjects\BartRunnerAndroid\app\src\test\resources\bart_live_20260912_192815\etd\frmt.xml,301,a8388401339bf00856aa91fee865b06fa34eed76dea51ed62f30035e0d1e370c
bart_live_20260912_192815,etd_xml,C:\Users\Igor\StudioProjects\BartRunnerAndroid\app\src\test\resources\bart_live_20260912_192815\etd\ftvl.xml,4026,dbc68b10a2cc23cb542218c0d68e9bfb0d39b07990aec34e0f1635dd37348ab9
bart_live_20260912_192815,etd_xml,C:\Users\Igor\StudioProjects\BartRunnerAndroid\app\src\test\resources\bart_live_20260912_192815\etd\glen.xml,5969,9a1a48eca6bdabce64668ea3899e93da10957bb6e97e4d5d18c0ff2e572328d9
bart_live_20260912_192815,etd_xml,C:\Users\Igor\StudioProjects\BartRunnerAndroid\app\src\test\resources\bart_live_20260912_192815\etd\hayw.xml,1707,1f5e9face699cffc44c045217f079573ad9677365a8b03df998a65a64041db41
bart_live_20260912_192815,etd_xml,C:\Users\Igor\StudioProjects\BartRunnerAndroid\app\src\test\resources\bart_live_20260912_192815\etd\lafy.xml,2316,661e67646f665acd71c62ee71cf55066ead8d4aceb18fd95ba2b3687a590feee
bart_live_20260912_192815,etd_xml,C:\Users\Igor\StudioProjects\BartRunnerAndroid\app\src\test\resources\bart_live_20260912_192815\etd\lake.xml,4024,03074b19dfdc19493e5820f270dcc9453fddab21ce6c5fe7b883404b369ed86c
bart_live_20260912_192815,etd_xml,C:\Users\Igor\StudioProjects\BartRunnerAndroid\app\src\test\resources\bart_live_20260912_192815\etd\mcar.xml,4617,58ccb4d1c4351fd4aca29eab7f585a383cc7f3fa558d01291143ab73a2dcce4b
bart_live_20260912_192815,etd_xml,C:\Users\Igor\StudioProjects\BartRunnerAndroid\app\src\test\resources\bart_live_20260912_192815\etd\mlbr.xml,951,4183dcf3437c8fd7b7b6dc0fcfa35ec269473d93af8f52e87d1e6669b6114429
bart_live_20260912_192815,etd_xml,C:\Users\Igor\StudioProjects\BartRunnerAndroid\app\src\test\resources\bart_live_20260912_192815\etd\mlpt.xml,1456,12c09666ee6ffe8126ca0e1c2ea4f379a3d110127e1c1b13ba14032a56e93a48
bart_live_20260912_192815,etd_xml,C:\Users\Igor\StudioProjects\BartRunnerAndroid\app\src\test\resources\bart_live_20260912_192815\etd\mont.xml,6072,79b9dd32c84210fe120c1a361857f4ac0b65cd5ea9065cffbaa71c5200d5c02e
bart_live_20260912_192815,etd_xml,C:\Users\Igor\StudioProjects\BartRunnerAndroid\app\src\test\resources\bart_live_20260912_192815\etd\nbrk.xml,2308,558ff19f878175873328a2de679d71be70daed573ba2206add1cf6652808f3e1
bart_live_20260912_192815,etd_xml,C:\Users\Igor\StudioProjects\BartRunnerAndroid\app\src\test\resources\bart_live_20260912_192815\etd\ncon.xml,1978,46b5863e80cfa7786b7bf5c67f5ce43f3c8037e5887379f3329d9a7e02392a8e
bart_live_20260912_192815,etd_xml,C:\Users\Igor\StudioProjects\BartRunnerAndroid\app\src\test\resources\bart_live_20260912_192815\etd\orin.xml,2312,97c7fd83f3941d87e54183823c49ccab29f9ba6d2c4ad618e771778886972a3f
bart_live_20260912_192815,etd_xml,C:\Users\Igor\StudioProjects\BartRunnerAndroid\app\src\test\resources\bart_live_20260912_192815\etd\pctr.xml,1967,02c19dd1ef7dfb65b7f7df03e6e9f1475b67889694174e128dcb03ead651b6f5
bart_live_20260912_192815,etd_xml,C:\Users\Igor\StudioProjects\BartRunnerAndroid\app\src\test\resources\bart_live_20260912_192815\etd\phil.xml,1995,d817cba79170849fd4af84b1b41a7bcb59db438afa2fa8a7fe8a2a57174d5007
bart_live_20260912_192815,etd_xml,C:\Users\Igor\StudioProjects\BartRunnerAndroid\app\src\test\resources\bart_live_20260912_192815\etd\pitt.xml,1725,992152c690902c1451d817d84dba644abc81678c90c7161e5771ba5d4cb822e3
bart_live_20260912_192815,etd_xml,C:\Users\Igor\StudioProjects\BartRunnerAndroid\app\src\test\resources\bart_live_20260912_192815\etd\plza.xml,2311,f571e2d3c3b7bc1646b714c0e5d96a2b14664473019ec08406ade264da7bb8f0
bart_live_20260912_192815,etd_xml,C:\Users\Igor\StudioProjects\BartRunnerAndroid\app\src\test\resources\bart_live_20260912_192815\etd\powl.xml,6068,0551de18a522939e01e4af372fc8d2c8e7175449a484313d0278dd6bb3d9edc2
bart_live_20260912_192815,etd_xml,C:\Users\Igor\StudioProjects\BartRunnerAndroid\app\src\test\resources\bart_live_20260912_192815\etd\rich.xml,1201,81a47ee4b3ac355b9aae166f66752a7fbe58cf230dcf365fda4967f188464743
bart_live_20260912_192815,etd_xml,C:\Users\Igor\StudioProjects\BartRunnerAndroid\app\src\test\resources\bart_live_20260912_192815\etd\rock.xml,2322,04546b34756101d05f66de2f7395a687d2b765900ac14d5c71d43cceaceddf68
bart_live_20260912_192815,etd_xml,C:\Users\Igor\StudioProjects\BartRunnerAndroid\app\src\test\resources\bart_live_20260912_192815\etd\sanl.xml,3167,9bf2ca54fe8ad0587126228d1fcaa4eb3b26299fee0d98167da63ebee965d536
bart_live_20260912_192815,etd_xml,C:\Users\Igor\StudioProjects\BartRunnerAndroid\app\src\test\resources\bart_live_20260912_192815\etd\sbrn.xml,4257,25b6337f655d999f5c3b89480878b471ae1f5081f0c2a0e5bbe4c4f6943a2493
bart_live_20260912_192815,etd_xml,C:\Users\Igor\StudioProjects\BartRunnerAndroid\app\src\test\resources\bart_live_20260912_192815\etd\sfia.xml,2319,cae5fdf280cd144581edb223d93ce172f9a23cc12ef421ab581021ed98261eda
bart_live_20260912_192815,etd_xml,C:\Users\Igor\StudioProjects\BartRunnerAndroid\app\src\test\resources\bart_live_20260912_192815\etd\shay.xml,1713,df38bf9d33064b950d031cef35c27fdb7a47621a4dda223cbb7c1de4d7212694
bart_live_20260912_192815,etd_xml,C:\Users\Igor\StudioProjects\BartRunnerAndroid\app\src\test\resources\bart_live_20260912_192815\etd\ssan.xml,4273,15c83349b47493e6352835f9af162a33ba295330972ec9882aae43a0fccd9bb1
bart_live_20260912_192815,etd_xml,C:\Users\Igor\StudioProjects\BartRunnerAndroid\app\src\test\resources\bart_live_20260912_192815\etd\ucty.xml,1107,210b0ac5fdaf1efeaa1b77a2551537fdd7c23fa5cdcee35ae1aaf18c55e005cf
bart_live_20260912_192815,etd_xml,C:\Users\Igor\StudioProjects\BartRunnerAndroid\app\src\test\resources\bart_live_20260912_192815\etd\warm.xml,872,9862ed00095e354b41d9ad188a89bc4257f1a56e492a0cc986df8408d078e8a3
bart_live_20260912_192815,etd_xml,C:\Users\Igor\StudioProjects\BartRunnerAndroid\app\src\test\resources\bart_live_20260912_192815\etd\wcrk.xml,1968,0933a31273f44e12b75e406d5786c1242fee0a0af53cc13e42688a05ffe5e53f
bart_live_20260912_192815,etd_xml,C:\Users\Igor\StudioProjects\BartRunnerAndroid\app\src\test\resources\bart_live_20260912_192815\etd\wdub.xml,1972,ed23cd3aa73771c87ec780e2af57174058c63f3741f44a12d6a96c273434ea70
bart_live_20260912_192815,etd_xml,C:\Users\Igor\StudioProjects\BartRunnerAndroid\app\src\test\resources\bart_live_20260912_192815\etd\woak.xml,5822,f1557bfa673a84df5f412078e364f4acaec7e6d6365d4bf71a330581cd2ac471
bart_live_20260913_182435,gtfsrt_trip_updates,C:\Users\Igor\StudioProjects\BartRunnerAndroid\app\src\test\resources\bart_live_20260913_182435\trip_updates.pb,23957,282990f62c7372e38408efd8c8e9a4764c44e938d6bbe6ff1e1d37d68b0c4c88
bart_live_20260913_182435,gtfsrt_alerts,C:\Users\Igor\StudioProjects\BartRunnerAndroid\app\src\test\resources\bart_live_20260913_182435\alerts.pb,1065,7ff85f41da982ae4e8a91dace163faa047f3efe3add0fd17d3680264a2af72e0
bart_live_20260913_182435,etd_xml,C:\Users\Igor\StudioProjects\BartRunnerAndroid\app\src\test\resources\bart_live_20260913_182435\etd\12th.xml,4524,8d9aff170dfd27bd37c3b1b3feccb1fc9c8f25a549d6cd826f0ba82fe7414439
bart_live_20260913_182435,etd_xml,C:\Users\Igor\StudioProjects\BartRunnerAndroid\app\src\test\resources\bart_live_20260913_182435\etd\16th.xml,5355,6421c3c01b1fe029e5e330a5a5ac9a8bf26553c2880f1cb0ce1ec9d487b23734
bart_live_20260913_182435,etd_xml,C:\Users\Igor\StudioProjects\BartRunnerAndroid\app\src\test\resources\bart_live_20260913_182435\etd\19th.xml,4511,4d249ec452e892990960691a8deca7e0c4ad94ee88806bba862ad42b57f380f1
bart_live_20260913_182435,etd_xml,C:\Users\Igor\StudioProjects\BartRunnerAndroid\app\src\test\resources\bart_live_20260913_182435\etd\24th.xml,5353,4a50847d881936e453f8e37750b2cc9106c3e69956720ad1a4d3107c2d8e3a8a
bart_live_20260913_182435,etd_xml,C:\Users\Igor\StudioProjects\BartRunnerAndroid\app\src\test\resources\bart_live_20260913_182435\etd\antc.xml,1107,82041e931c67ebb1c2564d0f0a581cb7b13757de92ed5a8a4f8fde1a811a5e2d
bart_live_20260913_182435,etd_xml,C:\Users\Igor\StudioProjects\BartRunnerAndroid\app\src\test\resources\bart_live_20260913_182435\etd\ashb.xml,2792,e204cae136e71450b65b5c89ad518e8b5469c6c77903eff4c7fd3f0ff31adfd9
bart_live_20260913_182435,etd_xml,C:\Users\Igor\StudioProjects\BartRunnerAndroid\app\src\test\resources\bart_live_20260913_182435\etd\balb.xml,5098,5f39d7444c2210ef0be7be954ea6358beadab3316466ff31d9a37908a1f02341
bart_live_20260913_182435,etd_xml,C:\Users\Igor\StudioProjects\BartRunnerAndroid\app\src\test\resources\bart_live_20260913_182435\etd\bayf.xml,3659,b433082db671294659ada4d521b5a63af1e614afc48f8a8e37be8dfa063be0fa
bart_live_20260913_182435,etd_xml,C:\Users\Igor\StudioProjects\BartRunnerAndroid\app\src\test\resources\bart_live_20260913_182435\etd\bery.xml,870,783bcafd053f58327a38c00eed39be1307b66db324f18adc83c3199752ee6cba
bart_live_20260913_182435,etd_xml,C:\Users\Igor\StudioProjects\BartRunnerAndroid\app\src\test\resources\bart_live_20260913_182435\etd\cast.xml,1959,bc97815805cab95915aa0d1d9e348f6b71274b17addd7c0c6565406bdd4ef3f3
bart_live_20260913_182435,etd_xml,C:\Users\Igor\StudioProjects\BartRunnerAndroid\app\src\test\resources\bart_live_20260913_182435\etd\civc.xml,5359,d199f90f72b7256a07658884ea5826082b6ed9349ed9ff0f536e3cd37c8b3c78
bart_live_20260913_182435,etd_xml,C:\Users\Igor\StudioProjects\BartRunnerAndroid\app\src\test\resources\bart_live_20260913_182435\etd\colm.xml,3393,e13e0b76aac259e59e10339515a91fe735135fd8036c62bb4387970f98e36ae2
bart_live_20260913_182435,etd_xml,C:\Users\Igor\StudioProjects\BartRunnerAndroid\app\src\test\resources\bart_live_20260913_182435\etd\cols.xml,3659,b38c9af729b1b7be6dac4a0109861966841e2c1be27165d530e1428d19a21efb
bart_live_20260913_182435,etd_xml,C:\Users\Igor\StudioProjects\BartRunnerAndroid\app\src\test\resources\bart_live_20260913_182435\etd\conc.xml,1959,e3dcc3c06f9be8182ab5b625e4f82f5e8c5a3e3285b218db828fa09c742c0223
bart_live_20260913_182435,etd_xml,C:\Users\Igor\StudioProjects\BartRunnerAndroid\app\src\test\resources\bart_live_20260913_182435\etd\daly.xml,4249,53c5ff2e20df673dcfdfcfc9d818e55cab4c5e39438757b7471755b77bc1ae4a
bart_live_20260913_182435,etd_xml,C:\Users\Igor\StudioProjects\BartRunnerAndroid\app\src\test\resources\bart_live_20260913_182435\etd\dbrk.xml,2809,20817a191d75344af374593cad5fa063d4c5e4693819cc3158fba42d7637e142
bart_live_20260913_182435,etd_xml,C:\Users\Igor\StudioProjects\BartRunnerAndroid\app\src\test\resources\bart_live_20260913_182435\etd\deln.xml,2563,ff84e2b72f8eb66bd3ad20eda899b4d23ee1601b256d613c5833b08d587a0ffe
bart_live_20260913_182435,etd_xml,C:\Users\Igor\StudioProjects\BartRunnerAndroid\app\src\test\resources\bart_live_20260913_182435\etd\dubl.xml,1114,ce2eef032fa1c8d5ea68ac391319f18be17786c660be6426819fac142a6a959b
bart_live_20260913_182435,etd_xml,C:\Users\Igor\StudioProjects\BartRunnerAndroid\app\src\test\resources\bart_live_20260913_182435\etd\embr.xml,5357,bf2ad6bb588f37cbc8d33dfb951ea69abb2e1b410106fc003473ef93d17d91f2
bart_live_20260913_182435,etd_xml,C:\Users\Igor\StudioProjects\BartRunnerAndroid\app\src\test\resources\bart_live_20260913_182435\etd\frmt.xml,301,752c780a2a20f0847cdce5e688305be5f0d1c4e16078a8f5d794ad463e785d45
bart_live_20260913_182435,etd_xml,C:\Users\Igor\StudioProjects\BartRunnerAndroid\app\src\test\resources\bart_live_20260913_182435\etd\ftvl.xml,3660,42e72fd5efd2a546ef7b7bc2016e6ba4104f0b8e0a076580d8fb5c33a17b1f55
bart_live_20260913_182435,etd_xml,C:\Users\Igor\StudioProjects\BartRunnerAndroid\app\src\test\resources\bart_live_20260913_182435\etd\glen.xml,5101,bc85604c23a51a1d45b117dcbd4581d8abb6e11bf714b7767ec69913e9a992de
bart_live_20260913_182435,etd_xml,C:\Users\Igor\StudioProjects\BartRunnerAndroid\app\src\test\resources\bart_live_20260913_182435\etd\hayw.xml,1956,4c9a68391c813845ada7de5d0d69d4b797a86add9f730e336363852f657a8f99
bart_live_20260913_182435,etd_xml,C:\Users\Igor\StudioProjects\BartRunnerAndroid\app\src\test\resources\bart_live_20260913_182435\etd\lafy.xml,1961,3d21c1fa321ec1fea6c5aa74a8bd34a59737a6c1c8eb39ef00e4cc700368ec0a
bart_live_20260913_182435,etd_xml,C:\Users\Igor\StudioProjects\BartRunnerAndroid\app\src\test\resources\bart_live_20260913_182435\etd\lake.xml,3663,e17cdadb8d1af9136736d4d279fb8176cfefebdc7d3e2f745c2359cbbc125da3
bart_live_20260913_182435,etd_xml,C:\Users\Igor\StudioProjects\BartRunnerAndroid\app\src\test\resources\bart_live_20260913_182435\etd\mcar.xml,4511,f40bf4bf9a7c834245281137ef68e8ff85919eb6ead4ea2a68ae49ac5e5494df
bart_live_20260913_182435,etd_xml,C:\Users\Igor\StudioProjects\BartRunnerAndroid\app\src\test\resources\bart_live_20260913_182435\etd\mlbr.xml,847,576457c50db5e57c108226df7e3bdaeb5a7605512da992d64f653e4fe351b7ca
bart_live_20260913_182435,etd_xml,C:\Users\Igor\StudioProjects\BartRunnerAndroid\app\src\test\resources\bart_live_20260913_182435\etd\mlpt.xml,1456,4f7d6c2364e59b7ed3a3b384994e452fa99daf0babde1bcb7e59f1b70dc38a04
bart_live_20260913_182435,etd_xml,C:\Users\Igor\StudioProjects\BartRunnerAndroid\app\src\test\resources\bart_live_20260913_182435\etd\mont.xml,5353,179ab3742f726fadacf74f434110d4b834e9144a5b8cfcd2623ebcba82d6b8f1
bart_live_20260913_182435,etd_xml,C:\Users\Igor\StudioProjects\BartRunnerAndroid\app\src\test\resources\bart_live_20260913_182435\etd\nbrk.xml,2558,2367ce9c4cb3135a9e2576006e4df2d611f9b59acd7726bfc4505e764c31f260
bart_live_20260913_182435,etd_xml,C:\Users\Igor\StudioProjects\BartRunnerAndroid\app\src\test\resources\bart_live_20260913_182435\etd\ncon.xml,1971,5e814e84dde32020c5fa339fd5e5a52d1d3006e294001442e849758d9d4972cc
bart_live_20260913_182435,etd_xml,C:\Users\Igor\StudioProjects\BartRunnerAndroid\app\src\test\resources\bart_live_20260913_182435\etd\orin.xml,1959,97150f1dc8cffd0bd526f4018015deda307c024d1415b6c6abf7c7dc28e658ac
bart_live_20260913_182435,etd_xml,C:\Users\Igor\StudioProjects\BartRunnerAndroid\app\src\test\resources\bart_live_20260913_182435\etd\pctr.xml,1967,5c4dc6f7e8363e6dacaae053d8288f0c2dbc291aea7c72357da62ea2cfab5094
bart_live_20260913_182435,etd_xml,C:\Users\Igor\StudioProjects\BartRunnerAndroid\app\src\test\resources\bart_live_20260913_182435\etd\phil.xml,1986,0d938761a584ea936e6623acca977140ef68c6d3a22b1274ba6716799c48ef63
bart_live_20260913_182435,etd_xml,C:\Users\Igor\StudioProjects\BartRunnerAndroid\app\src\test\resources\bart_live_20260913_182435\etd\pitt.xml,1968,535365bb7b628fe42d3a7a24b7a1bc38a2284a0c464d781bf5dd24685e4d9fcc
bart_live_20260913_182435,etd_xml,C:\Users\Igor\StudioProjects\BartRunnerAndroid\app\src\test\resources\bart_live_20260913_182435\etd\plza.xml,2559,9b549cdbf127bbf2f4dff94a1076b78c3e2370d4a4f4ca2130f0112c6c0b0045
bart_live_20260913_182435,etd_xml,C:\Users\Igor\StudioProjects\BartRunnerAndroid\app\src\test\resources\bart_live_20260913_182435\etd\powl.xml,5353,4005bb0d15343c5880a0bc6aaa2c6e1a59ab754cfe49e1700dc76c80fb38b84e
bart_live_20260913_182435,etd_xml,C:\Users\Igor\StudioProjects\BartRunnerAndroid\app\src\test\resources\bart_live_20260913_182435\etd\rich.xml,1706,8430295001110ad66d9f5a80c266d86cbd4429eb941c7fd424c237c0b28156f8
bart_live_20260913_182435,etd_xml,C:\Users\Igor\StudioProjects\BartRunnerAndroid\app\src\test\resources\bart_live_20260913_182435\etd\rock.xml,1960,ca43438ad6a9ac9cfcc211aa933b6f10237d71a443637d105866dbadde92b701
bart_live_20260913_182435,etd_xml,C:\Users\Igor\StudioProjects\BartRunnerAndroid\app\src\test\resources\bart_live_20260913_182435\etd\sanl.xml,3661,496b8306e49732a257d55208743f35f964e55e2e3e1948bb9ff0adeadee2726d
bart_live_20260913_182435,etd_xml,C:\Users\Igor\StudioProjects\BartRunnerAndroid\app\src\test\resources\bart_live_20260913_182435\etd\sbrn.xml,3144,1d9aeae881c0479d8098a9984bbe08bcb9d69df05438dcb48e40381c56a2b26f
bart_live_20260913_182435,etd_xml,C:\Users\Igor\StudioProjects\BartRunnerAndroid\app\src\test\resources\bart_live_20260913_182435\etd\sfia.xml,2314,d8079aa0fc2990a333c4d34b97f14a9beab94fe22b27f90652ad58a7a20b13a6
bart_live_20260913_182435,etd_xml,C:\Users\Igor\StudioProjects\BartRunnerAndroid\app\src\test\resources\bart_live_20260913_182435\etd\shay.xml,1962,311a148fb2568a855669bea1648908d5bf5da72489f73433bdb03defc0183404
bart_live_20260913_182435,etd_xml,C:\Users\Igor\StudioProjects\BartRunnerAndroid\app\src\test\resources\bart_live_20260913_182435\etd\ssan.xml,3402,bc05bc40f4628ec9460004e7e6e7d496faa25f891bf847f44d735a630e89293a
bart_live_20260913_182435,etd_xml,C:\Users\Igor\StudioProjects\BartRunnerAndroid\app\src\test\resources\bart_live_20260913_182435\etd\ucty.xml,856,4506c7da92f6aafc74558385775c8b215a55ccf08cd3544e53de28ddbf2462ba
bart_live_20260913_182435,etd_xml,C:\Users\Igor\StudioProjects\BartRunnerAndroid\app\src\test\resources\bart_live_20260913_182435\etd\warm.xml,873,2fc426d0c3f3b37ef34b9c9d4dfa61a177b07f2cbea7bd9ea956e3ac64641dd8
bart_live_20260913_182435,etd_xml,C:\Users\Igor\StudioProjects\BartRunnerAndroid\app\src\test\resources\bart_live_20260913_182435\etd\wcrk.xml,1970,fed549ed7c4435b0c147e2bdae836332ac73562bea525a97688bfe2ac07e6c93
bart_live_20260913_182435,etd_xml,C:\Users\Igor\StudioProjects\BartRunnerAndroid\app\src\test\resources\bart_live_20260913_182435\etd\wdub.xml,1968,9f48a76aa451a976478686e5bf1195d53fd317d9d30a53eb713db34b2732b7c3
bart_live_20260913_182435,etd_xml,C:\Users\Igor\StudioProjects\BartRunnerAndroid\app\src\test\resources\bart_live_20260913_182435\etd\woak.xml,5353,ead1f248ffd0c7c54cb51feb6637ed365c0a582542bbcbf6964710ef1932d1ff
bart_live_20260913_201652,gtfsrt_trip_updates,C:\Users\Igor\StudioProjects\BartRunnerAndroid\app\src\test\resources\bart_live_20260913_201652\trip_updates.pb,21412,8191647a058acc6ff75fc4cec7af3fb76b2022b93b94cbe9e0b5c349953863bf
bart_live_20260913_201652,gtfsrt_alerts,C:\Users\Igor\StudioProjects\BartRunnerAndroid\app\src\test\resources\bart_live_20260913_201652\alerts.pb,1065,24dd70514b3f1158421826d9d53a490453668060eaef028da1aa10eea75b304e
bart_live_20260913_201652,etd_xml,C:\Users\Igor\StudioProjects\BartRunnerAndroid\app\src\test\resources\bart_live_20260913_201652\etd\12th.xml,3680,bde87cff7d7e303cfad939d39323846a395ed7b4a24f22ccd5f6d517991c3b82
bart_live_20260913_201652,etd_xml,C:\Users\Igor\StudioProjects\BartRunnerAndroid\app\src\test\resources\bart_live_20260913_201652\etd\16th.xml,4513,8aa246589882b689df4c0530f686610beae93c6b41998011c5c5c610e21ff349
bart_live_20260913_201652,etd_xml,C:\Users\Igor\StudioProjects\BartRunnerAndroid\app\src\test\resources\bart_live_20260913_201652\etd\19th.xml,3668,e932af06e8a5d5a51e73086690e7c326d3df1e06f40ccc4e3a6318199834024b
bart_live_20260913_201652,etd_xml,C:\Users\Igor\StudioProjects\BartRunnerAndroid\app\src\test\resources\bart_live_20260913_201652\etd\24th.xml,4858,1afcc0857f2e09378061b0b7022c54ab176d38a12a1c5f4fd1c4a9d642e0e480
bart_live_20260913_201652,etd_xml,C:\Users\Igor\StudioProjects\BartRunnerAndroid\app\src\test\resources\bart_live_20260913_201652\etd\antc.xml,1108,5d9a2cdc616528fc776e6489ae9439d4774e5cbd0949c1bacc115647827fc224
bart_live_20260913_201652,etd_xml,C:\Users\Igor\StudioProjects\BartRunnerAndroid\app\src\test\resources\bart_live_20260913_201652\etd\ashb.xml,1950,fe352bf9fe7e3979b8de06c82148009121dbba227f7200e0f881e8409195040a
bart_live_20260913_201652,etd_xml,C:\Users\Igor\StudioProjects\BartRunnerAndroid\app\src\test\resources\bart_live_20260913_201652\etd\balb.xml,4854,2b10b156d3adb3c83b4439aec6797a96f57dff886c71d519c9330d260058d591
bart_live_20260913_201652,etd_xml,C:\Users\Igor\StudioProjects\BartRunnerAndroid\app\src\test\resources\bart_live_20260913_201652\etd\bayf.xml,3658,14026b1f4e2c2a6435a8d4779f20242309e3de11c0f4257f0e2e0aa714cc6c67
bart_live_20260913_201652,etd_xml,C:\Users\Igor\StudioProjects\BartRunnerAndroid\app\src\test\resources\bart_live_20260913_201652\etd\bery.xml,870,1781b914425f88beec5e4f5b41c74f8e176ff008b69accba984251277d3fc316
bart_live_20260913_201652,etd_xml,C:\Users\Igor\StudioProjects\BartRunnerAndroid\app\src\test\resources\bart_live_20260913_201652\etd\cast.xml,1959,295fc69966bdec0d5d652e29589d40f68f7fba085463229ea542d880cdc60d4b
bart_live_20260913_201652,etd_xml,C:\Users\Igor\StudioProjects\BartRunnerAndroid\app\src\test\resources\bart_live_20260913_201652\etd\civc.xml,4527,6998d5e4334c9f8b3abd64921192b9bf25d40ed5b35a25e69d85d58b4919f56a
bart_live_20260913_201652,etd_xml,C:\Users\Igor\StudioProjects\BartRunnerAndroid\app\src\test\resources\bart_live_20260913_201652\etd\colm.xml,3498,e17f34cb8f15e24ca17dcf797044bd15ba689fd024eb789456ae1eb3cf57598b
bart_live_20260913_201652,etd_xml,C:\Users\Igor\StudioProjects\BartRunnerAndroid\app\src\test\resources\bart_live_20260913_201652\etd\cols.xml,3658,5b590eadab3e84dde8d2fdfdf6f8bf29671f12f5c22ee7029fcd03d2fbdee778
bart_live_20260913_201652,etd_xml,C:\Users\Igor\StudioProjects\BartRunnerAndroid\app\src\test\resources\bart_live_20260913_201652\etd\conc.xml,1958,268a32b8dfa1e039d6d297a9ef77bdc23fc7af180e9cb9dd4914e918a1584053
bart_live_20260913_201652,etd_xml,C:\Users\Igor\StudioProjects\BartRunnerAndroid\app\src\test\resources\bart_live_20260913_201652\etd\daly.xml,4108,d4f4211e789fee7d6ce583dc1cac6423cf83055ff53a9b49f9170d0b0f76003d
bart_live_20260913_201652,etd_xml,C:\Users\Igor\StudioProjects\BartRunnerAndroid\app\src\test\resources\bart_live_20260913_201652\etd\dbrk.xml,1962,e3f4e914d44291e0bdca1cb324665f9560de7afcf9ca4ab39f8ccf5aa4565b0c
bart_live_20260913_201652,etd_xml,C:\Users\Igor\StudioProjects\BartRunnerAndroid\app\src\test\resources\bart_live_20260913_201652\etd\deln.xml,1714,befbce7735783562e25ae74ef96e5f35c249ffd11bf7d961d081e0eee6fb8b96
bart_live_20260913_201652,etd_xml,C:\Users\Igor\StudioProjects\BartRunnerAndroid\app\src\test\resources\bart_live_20260913_201652\etd\dubl.xml,859,4f8e43806c078ee1415994f51bc339d759c8df6ed428d4a5ffdf466a10e2ce05
bart_live_20260913_201652,etd_xml,C:\Users\Igor\StudioProjects\BartRunnerAndroid\app\src\test\resources\bart_live_20260913_201652\etd\embr.xml,4510,23494628d893e9bc251e44853f5aa9dcacbda6d813bfb58d6dea3e34f550e41b
bart_live_20260913_201652,etd_xml,C:\Users\Igor\StudioProjects\BartRunnerAndroid\app\src\test\resources\bart_live_20260913_201652\etd\frmt.xml,301,0cca7b2bea94b9daa515289da964372f4ae0fa55ac6baa288eac2f6763938d22
bart_live_20260913_201652,etd_xml,C:\Users\Igor\StudioProjects\BartRunnerAndroid\app\src\test\resources\bart_live_20260913_201652\etd\ftvl.xml,3660,5c4e0d87719a615f83a1ee6dbf5f669221a906d0d33c224137dd7c7d295eb4ea
bart_live_20260913_201652,etd_xml,C:\Users\Igor\StudioProjects\BartRunnerAndroid\app\src\test\resources\bart_live_20260913_201652\etd\glen.xml,4851,f50947986799269f1951cac3ff9e820c59cf011816109f1f1e1f240c4e4f5c44
bart_live_20260913_201652,etd_xml,C:\Users\Igor\StudioProjects\BartRunnerAndroid\app\src\test\resources\bart_live_20260913_201652\etd\hayw.xml,1964,e796b5e0c6c4ea1214f8c9b4dea1b823473f48efdbbca4ad12946dc47ff00966
bart_live_20260913_201652,etd_xml,C:\Users\Igor\StudioProjects\BartRunnerAndroid\app\src\test\resources\bart_live_20260913_201652\etd\lafy.xml,1961,3ef174572125f2f39ca9fc14b4a9348f079988f091938f9073d2811bc07e7624
bart_live_20260913_201652,etd_xml,C:\Users\Igor\StudioProjects\BartRunnerAndroid\app\src\test\resources\bart_live_20260913_201652\etd\lake.xml,3663,1200e7423f4cf65a8216d85da5eee0b3f0d1e210ff4c583435931e5c442866f2
bart_live_20260913_201652,etd_xml,C:\Users\Igor\StudioProjects\BartRunnerAndroid\app\src\test\resources\bart_live_20260913_201652\etd\mcar.xml,3660,3a5e9dbd425d55bd5aadf070ffc244fcfb0efaba53bdd4a1ed900d201530c276
bart_live_20260913_201652,etd_xml,C:\Users\Igor\StudioProjects\BartRunnerAndroid\app\src\test\resources\bart_live_20260913_201652\etd\mlbr.xml,1209,318de6f1c93d2e9ee5bdf4756e22865609040455dff72b5c5f40d7816dbcf907
bart_live_20260913_201652,etd_xml,C:\Users\Igor\StudioProjects\BartRunnerAndroid\app\src\test\resources\bart_live_20260913_201652\etd\mlpt.xml,1956,1688dfce07185059e2929af091028b1a7d0817eaedeaff2900b0cad76ba27a41
bart_live_20260913_201652,etd_xml,C:\Users\Igor\StudioProjects\BartRunnerAndroid\app\src\test\resources\bart_live_20260913_201652\etd\mont.xml,4513,e060529c061852189869ab8e1f4d3cf302f2006ede6a509a254577c239ee0e20
bart_live_20260913_201652,etd_xml,C:\Users\Igor\StudioProjects\BartRunnerAndroid\app\src\test\resources\bart_live_20260913_201652\etd\nbrk.xml,1714,f9b7a098b0d372bf908cbda2a2aa811febcd598c50328c97f1edf096d4592bc7
bart_live_20260913_201652,etd_xml,C:\Users\Igor\StudioProjects\BartRunnerAndroid\app\src\test\resources\bart_live_20260913_201652\etd\ncon.xml,1723,b0e5597962fde00e789cc4e44fb40c33b6b5d8e40a6d55726a68a1d5319c869b
bart_live_20260913_201652,etd_xml,C:\Users\Igor\StudioProjects\BartRunnerAndroid\app\src\test\resources\bart_live_20260913_201652\etd\orin.xml,1958,e6862a39fccd31f53c0449c07a2cea2eafd1e3b1dadbb9ad9ad237d46ae59e7b
bart_live_20260913_201652,etd_xml,C:\Users\Igor\StudioProjects\BartRunnerAndroid\app\src\test\resources\bart_live_20260913_201652\etd\pctr.xml,1968,396d5356c3f188a1e0af65f85507ba433cd8932d760058daee2cf41991fd8034
bart_live_20260913_201652,etd_xml,C:\Users\Igor\StudioProjects\BartRunnerAndroid\app\src\test\resources\bart_live_20260913_201652\etd\phil.xml,1984,04fbfad9c172b837fa24c4a3864521db2066bcd0a44619b321192654004e9c1f
bart_live_20260913_201652,etd_xml,C:\Users\Igor\StudioProjects\BartRunnerAndroid\app\src\test\resources\bart_live_20260913_201652\etd\pitt.xml,1725,1621b5cb6ea08859869673120e534c5ae61306031f32dbcc4ccff2580d976304
bart_live_20260913_201652,etd_xml,C:\Users\Igor\StudioProjects\BartRunnerAndroid\app\src\test\resources\bart_live_20260913_201652\etd\plza.xml,1710,808d6684978adad384db150c2194e57cbf6ca8e6889b59c0b21a7c02cf51f83e
bart_live_20260913_201652,etd_xml,C:\Users\Igor\StudioProjects\BartRunnerAndroid\app\src\test\resources\bart_live_20260913_201652\etd\powl.xml,4510,619472895b81148dedb034a47e822b6ea0affe81094ad2be7a57353c63f47bf8
bart_live_20260913_201652,etd_xml,C:\Users\Igor\StudioProjects\BartRunnerAndroid\app\src\test\resources\bart_live_20260913_201652\etd\rich.xml,854,297700c3773f29523f82869321d9f6cc2b9062f8ffd8aae218d33aaa639f1334
bart_live_20260913_201652,etd_xml,C:\Users\Igor\StudioProjects\BartRunnerAndroid\app\src\test\resources\bart_live_20260913_201652\etd\rock.xml,1959,bc7d20f072ce79ca4a3a4c9bd135fbe41398be6090e0d25a895c985dbc3dcb2f
bart_live_20260913_201652,etd_xml,C:\Users\Igor\StudioProjects\BartRunnerAndroid\app\src\test\resources\bart_live_20260913_201652\etd\sanl.xml,3661,a99dc598c408df6373bc34aec1835794bfd9b521bbf8d6731f36838039ca8d15
bart_live_20260913_201652,etd_xml,C:\Users\Igor\StudioProjects\BartRunnerAndroid\app\src\test\resources\bart_live_20260913_201652\etd\sbrn.xml,3498,bd5746e8c997fe2ab763abc4e97d31970f0198c69943bda66d6273486258b8d7
bart_live_20260913_201652,etd_xml,C:\Users\Igor\StudioProjects\BartRunnerAndroid\app\src\test\resources\bart_live_20260913_201652\etd\sfia.xml,2314,18cfc54761a5e712f595dd54cecb8fbcc8d707279f54e118ffb14cf4def17d91
bart_live_20260913_201652,etd_xml,C:\Users\Igor\StudioProjects\BartRunnerAndroid\app\src\test\resources\bart_live_20260913_201652\etd\shay.xml,1963,95919ffde710b1577e4c12421671a8f2e9714cc9e1be14d095f2c6bf950390ba
bart_live_20260913_201652,etd_xml,C:\Users\Igor\StudioProjects\BartRunnerAndroid\app\src\test\resources\bart_live_20260913_201652\etd\ssan.xml,3518,5555a5effa60a98955f844dd8b2659b1fe464b93759537be34c6d56f56ed91b0
bart_live_20260913_201652,etd_xml,C:\Users\Igor\StudioProjects\BartRunnerAndroid\app\src\test\resources\bart_live_20260913_201652\etd\ucty.xml,1112,0b07eacd8c9e51adf97ca9faf13f024f03681879c6c38168f743fec02acce652
bart_live_20260913_201652,etd_xml,C:\Users\Igor\StudioProjects\BartRunnerAndroid\app\src\test\resources\bart_live_20260913_201652\etd\warm.xml,873,191044250b52ad1b29f8dc4c2940db0c84016c7a5fc9c5de19f1a83ee0bbed8c
bart_live_20260913_201652,etd_xml,C:\Users\Igor\StudioProjects\BartRunnerAndroid\app\src\test\resources\bart_live_20260913_201652\etd\wcrk.xml,1969,16a69fa20b19a3987009a1de7b8981214331b80e59390f6dc60714a1badee551
bart_live_20260913_201652,etd_xml,C:\Users\Igor\StudioProjects\BartRunnerAndroid\app\src\test\resources\bart_live_20260913_201652\etd\wdub.xml,1721,f0eb3d30cef95f2119c0c89ad19f7d406aa2453d40cb54d7e87294303a15dce0
bart_live_20260913_201652,etd_xml,C:\Users\Igor\StudioProjects\BartRunnerAndroid\app\src\test\resources\bart_live_20260913_201652\etd\woak.xml,4510,0eb530135831bd2924793f210791a6d48a11b4826e531c7b946bb18c6d8afac2
bart_live_20260917_123018,gtfsrt_trip_updates,C:\Users\Igor\StudioProjects\BartRunnerAndroid\app\src\test\resources\bart_live_20260917_123018\trip_updates.pb,43179,6599a08887acc3f3c802af143b2c9be41a6e765c71be2bf12117bb4b72a9a64a
bart_live_20260917_123018,gtfsrt_alerts,C:\Users\Igor\StudioProjects\BartRunnerAndroid\app\src\test\resources\bart_live_20260917_123018\alerts.pb,536,f3c583d01b394733a9a093531199138b88f9dc6f6dcae9e8c0afd24a29b8adb1
bart_live_20260917_123018,etd_xml,C:\Users\Igor\StudioProjects\BartRunnerAndroid\app\src\test\resources\bart_live_20260917_123018\etd\12th.xml,5418,ab25ac02f25b9c23f7927ef6c3b96406be6f4749a9b94d93769cf36a2c5e9a1a
bart_live_20260917_123018,etd_xml,C:\Users\Igor\StudioProjects\BartRunnerAndroid\app\src\test\resources\bart_live_20260917_123018\etd\16th.xml,7128,f4951e40f4b263163bbe40829c949ea60bc38d78182600129502fe6e335a4af3
bart_live_20260917_123018,etd_xml,C:\Users\Igor\StudioProjects\BartRunnerAndroid\app\src\test\resources\bart_live_20260917_123018\etd\19th.xml,5404,b0b0feb0f6f6bfc7116d6834a1a5510903e56c5dc01d39419c1da584975b415a
bart_live_20260917_123018,etd_xml,C:\Users\Igor\StudioProjects\BartRunnerAndroid\app\src\test\resources\bart_live_20260917_123018\etd\24th.xml,7122,86222d27f824c6abd5815d595e932ba1649b3f1d55ee3c6463f53fd4377a6d9e
bart_live_20260917_123018,etd_xml,C:\Users\Igor\StudioProjects\BartRunnerAndroid\app\src\test\resources\bart_live_20260917_123018\etd\antc.xml,1108,14e4e5f87ca845e380b35b95e2d6417ad6a06a430401aec523ddf2e382c7dec9
bart_live_20260917_123018,etd_xml,C:\Users\Igor\StudioProjects\BartRunnerAndroid\app\src\test\resources\bart_live_20260917_123018\etd\ashb.xml,2801,8f2725a6fb004e3f56f6b9818027d4c0ff0d6d778d188eb29fbc255e2c550f2a
bart_live_20260917_123018,etd_xml,C:\Users\Igor\StudioProjects\BartRunnerAndroid\app\src\test\resources\bart_live_20260917_123018\etd\balb.xml,7114,5198bd7eb10d83791b9e7171d2b74716dc4439428c06de4cd51318fd260c4796
bart_live_20260917_123018,etd_xml,C:\Users\Igor\StudioProjects\BartRunnerAndroid\app\src\test\resources\bart_live_20260917_123018\etd\bayf.xml,3672,10414bc8c45e72c1cb146dcbbf163368ec3d2da3dec835d5f438d049e7512223
bart_live_20260917_123018,etd_xml,C:\Users\Igor\StudioProjects\BartRunnerAndroid\app\src\test\resources\bart_live_20260917_123018\etd\bery.xml,1469,83e1f6954f5413223ffebf6a377f7bcd7a34e5a06773f6dea32233fd2f3b880f
bart_live_20260917_123018,etd_xml,C:\Users\Igor\StudioProjects\BartRunnerAndroid\app\src\test\resources\bart_live_20260917_123018\etd\cast.xml,1967,9fb7156ffe48bb12acca5fc50f4029b4e98059c8c30015734bb84499b2c11456
bart_live_20260917_123018,etd_xml,C:\Users\Igor\StudioProjects\BartRunnerAndroid\app\src\test\resources\bart_live_20260917_123018\etd\civc.xml,7133,107922fb5191f79c32467ee00f2d01e288665bde386f109b878687db63727f88
bart_live_20260917_123018,etd_xml,C:\Users\Igor\StudioProjects\BartRunnerAndroid\app\src\test\resources\bart_live_20260917_123018\etd\colm.xml,4284,43d9e873aa6c4926e3d33068300351efa3455c7f675cbb98cbacc9c012d52d03
bart_live_20260917_123018,etd_xml,C:\Users\Igor\StudioProjects\BartRunnerAndroid\app\src\test\resources\bart_live_20260917_123018\etd\cols.xml,3679,7277a09968f4696ce6a65bbe550035ed42274ec7a26a4e1c3edd44fbbb5674ce
bart_live_20260917_123018,etd_xml,C:\Users\Igor\StudioProjects\BartRunnerAndroid\app\src\test\resources\bart_live_20260917_123018\etd\conc.xml,2828,3cd07dd4defdffd0f23d9041d3bb51a5457b483ac5181c1284b364595b1b5a56
bart_live_20260917_123018,etd_xml,C:\Users\Igor\StudioProjects\BartRunnerAndroid\app\src\test\resources\bart_live_20260917_123018\etd\daly.xml,6262,aab3b32d0a0b1510a9f50ce7bec3ef20eea7e137d1eb6842afaf7bf057eee99f
bart_live_20260917_123018,etd_xml,C:\Users\Igor\StudioProjects\BartRunnerAndroid\app\src\test\resources\bart_live_20260917_123018\etd\dbrk.xml,2818,ad98437ea3f5d46168e2743a83024b2fa7d140ea6f148c83a4f658e4c3ef8027
bart_live_20260917_123018,etd_xml,C:\Users\Igor\StudioProjects\BartRunnerAndroid\app\src\test\resources\bart_live_20260917_123018\etd\deln.xml,2568,8cc68a9ead1f7cd1387ff4cb763dc6ea637dae0edbfe16dbc904e96580593af6
bart_live_20260917_123018,etd_xml,C:\Users\Igor\StudioProjects\BartRunnerAndroid\app\src\test\resources\bart_live_20260917_123018\etd\dubl.xml,1114,6a05d50076c4c4738685ec245678be4cc7aa6127f10e7530ed0c9d79f1270bf9
bart_live_20260917_123018,etd_xml,C:\Users\Igor\StudioProjects\BartRunnerAndroid\app\src\test\resources\bart_live_20260917_123018\etd\embr.xml,7124,ccbe0bc42c4554b105450ba58baf234a65b4e503385cd6dd6c89884e45ab6d31
bart_live_20260917_123018,etd_xml,C:\Users\Igor\StudioProjects\BartRunnerAndroid\app\src\test\resources\bart_live_20260917_123018\etd\frmt.xml,2815,29662540e29a433888724dae130e87ad443bb8053ffa363c5a1b12837d241c40
bart_live_20260917_123018,etd_xml,C:\Users\Igor\StudioProjects\BartRunnerAndroid\app\src\test\resources\bart_live_20260917_123018\etd\ftvl.xml,3677,b2db10e17d5ecdac142322b6ea7376db4b3dae92104560edb222d1784735e934
bart_live_20260917_123018,etd_xml,C:\Users\Igor\StudioProjects\BartRunnerAndroid\app\src\test\resources\bart_live_20260917_123018\etd\glen.xml,7113,1c3d0ce620f0fa5b2ec1deb0c3188b9d1dc40a7dfa2f7e80a04bdfdd5c25a9ac
bart_live_20260917_123018,etd_xml,C:\Users\Igor\StudioProjects\BartRunnerAndroid\app\src\test\resources\bart_live_20260917_123018\etd\hayw.xml,2816,f58a936021e2d81e997e16bc7ebf922ab34adbab616e29f77483d70aa00c11bb
bart_live_20260917_123018,etd_xml,C:\Users\Igor\StudioProjects\BartRunnerAndroid\app\src\test\resources\bart_live_20260917_123018\etd\lafy.xml,2841,08a400e04f275e01b5c01ef5a32fcb3218e2ae34008d93ed18b24b1c6e1d50c4
bart_live_20260917_123018,etd_xml,C:\Users\Igor\StudioProjects\BartRunnerAndroid\app\src\test\resources\bart_live_20260917_123018\etd\lake.xml,3675,c2da2b16e7d5e5c8edf3e3a6bed058a4854276657ddd6cfe87f5333d13808aac
bart_live_20260917_123018,etd_xml,C:\Users\Igor\StudioProjects\BartRunnerAndroid\app\src\test\resources\bart_live_20260917_123018\etd\mcar.xml,5404,2d403f16f691416e8803df34b592f24fc454da76924474146cbc86d3165fa452
bart_live_20260917_123018,etd_xml,C:\Users\Igor\StudioProjects\BartRunnerAndroid\app\src\test\resources\bart_live_20260917_123018\etd\mlbr.xml,1095,3206aee1c84b29cf36cd820b6310e3dab924253c33336799ca67484229016ea4
bart_live_20260917_123018,etd_xml,C:\Users\Igor\StudioProjects\BartRunnerAndroid\app\src\test\resources\bart_live_20260917_123018\etd\mlpt.xml,2306,c9162c13053c927460b01c4e7f7a5fa05a47193c46b5355c8952833b95094522
bart_live_20260917_123018,etd_xml,C:\Users\Igor\StudioProjects\BartRunnerAndroid\app\src\test\resources\bart_live_20260917_123018\etd\mont.xml,7120,07e75bb325ca9cec744487ba04a1396921631f24e3e566a04501a88a3d4fde97
bart_live_20260917_123018,etd_xml,C:\Users\Igor\StudioProjects\BartRunnerAndroid\app\src\test\resources\bart_live_20260917_123018\etd\nbrk.xml,2810,dffb8acce7f2761dc5416f641e9dd42740934e18c67da181e5582ebb79b9c002
bart_live_20260917_123018,etd_xml,C:\Users\Igor\StudioProjects\BartRunnerAndroid\app\src\test\resources\bart_live_20260917_123018\etd\ncon.xml,2844,f4830e5cb30aa745d0c5c2e7ad787688ec248d043fb94c03557f6f41eb5d9974
bart_live_20260917_123018,etd_xml,C:\Users\Igor\StudioProjects\BartRunnerAndroid\app\src\test\resources\bart_live_20260917_123018\etd\orin.xml,2834,5cb0db99356cd9139b2f150edd1448a74e8276bcdf111aec9dd3ff4e7058e0b9
bart_live_20260917_123018,etd_xml,C:\Users\Igor\StudioProjects\BartRunnerAndroid\app\src\test\resources\bart_live_20260917_123018\etd\pctr.xml,1967,8cc0b8916cdd18f8fc2bf87f3a0f718252e2bda6e215f09e1bc5e25d61bacd99
bart_live_20260917_123018,etd_xml,C:\Users\Igor\StudioProjects\BartRunnerAndroid\app\src\test\resources\bart_live_20260917_123018\etd\phil.xml,2854,9a7ade5e7376098f7d632ee36f780bcfd518b7e31e3ec32111191e74d180504f
bart_live_20260917_123018,etd_xml,C:\Users\Igor\StudioProjects\BartRunnerAndroid\app\src\test\resources\bart_live_20260917_123018\etd\pitt.xml,1972,0e78791d2835090583abfb39b87adb02269b6c478877f503630161deeb43adac
bart_live_20260917_123018,etd_xml,C:\Users\Igor\StudioProjects\BartRunnerAndroid\app\src\test\resources\bart_live_20260917_123018\etd\plza.xml,2811,63d5d898011927707c499140854d54075d609ef46d889731df3684e8c37e4dc2
bart_live_20260917_123018,etd_xml,C:\Users\Igor\StudioProjects\BartRunnerAndroid\app\src\test\resources\bart_live_20260917_123018\etd\powl.xml,7123,c870e66cf8d0e833a7cc6952302808483dfd17f41b4f3912dd523bea64a66932
bart_live_20260917_123018,etd_xml,C:\Users\Igor\StudioProjects\BartRunnerAndroid\app\src\test\resources\bart_live_20260917_123018\etd\rich.xml,1705,4af0a54502bc6a1bbb6124a81ea046905ad6d5aac5d25892f0349ee68a1a842d
bart_live_20260917_123018,etd_xml,C:\Users\Igor\StudioProjects\BartRunnerAndroid\app\src\test\resources\bart_live_20260917_123018\etd\rock.xml,2836,549d5e86336944829671ea1af591898c9f68291516ad4865190962fd138d41a0
bart_live_20260917_123018,etd_xml,C:\Users\Igor\StudioProjects\BartRunnerAndroid\app\src\test\resources\bart_live_20260917_123018\etd\sanl.xml,3673,fe8f497dd1cf9c7a50c109729bb7efc7976332cda60e13e1dcc6390335836e50
bart_live_20260917_123018,etd_xml,C:\Users\Igor\StudioProjects\BartRunnerAndroid\app\src\test\resources\bart_live_20260917_123018\etd\sbrn.xml,4287,c5348dd9fdf38915742cfd1daac977e14b9489b096e38e02cdf0463524beb3f8
bart_live_20260917_123018,etd_xml,C:\Users\Igor\StudioProjects\BartRunnerAndroid\app\src\test\resources\bart_live_20260917_123018\etd\sfia.xml,3439,2d17d15d2a48248bb034a7efa939c98044129b15dbcb469a417ea247c01ec82a
bart_live_20260917_123018,etd_xml,C:\Users\Igor\StudioProjects\BartRunnerAndroid\app\src\test\resources\bart_live_20260917_123018\etd\shay.xml,2815,c1ff62d78a73978aee4969d2e252ec8bf899b4019685d5908e8b74a88424c68b
bart_live_20260917_123018,etd_xml,C:\Users\Igor\StudioProjects\BartRunnerAndroid\app\src\test\resources\bart_live_20260917_123018\etd\ssan.xml,4298,ebf286d30e8755c402c8faba138517d4cb20fbf943f5113428d6b1e38c4c2544
bart_live_20260917_123018,etd_xml,C:\Users\Igor\StudioProjects\BartRunnerAndroid\app\src\test\resources\bart_live_20260917_123018\etd\ucty.xml,2819,8ce5d5046ec50ec3842a4149e597ce3b941c9f45968104389f2b30fcce030cd5
bart_live_20260917_123018,etd_xml,C:\Users\Igor\StudioProjects\BartRunnerAndroid\app\src\test\resources\bart_live_20260917_123018\etd\warm.xml,2829,709bb841f47e0b0b35ee79193cc06aec95f2f9bb2ffc2010d310e20c696398fb
bart_live_20260917_123018,etd_xml,C:\Users\Igor\StudioProjects\BartRunnerAndroid\app\src\test\resources\bart_live_20260917_123018\etd\wcrk.xml,2837,44f3604e94864acd654606bfa7b9f5b0ee2e8af73737cb99394f9f8356e8064a
bart_live_20260917_123018,etd_xml,C:\Users\Igor\StudioProjects\BartRunnerAndroid\app\src\test\resources\bart_live_20260917_123018\etd\wdub.xml,1980,c492071ff1dcd9d4e9015e5ac5dafea600e09f8bd5ec718cbb1375cc164062f5
bart_live_20260917_123018,etd_xml,C:\Users\Igor\StudioProjects\BartRunnerAndroid\app\src\test\resources\bart_live_20260917_123018\etd\woak.xml,7117,346af473dc04050e8872a6a146ba1f7097f3cbc5a2b566801d04b4f9ca58328c
bart_live_terminals_20260911_183436,gtfsrt_trip_updates,C:\Users\Igor\StudioProjects\BartRunnerAndroid\app\src\test\resources\bart_live_terminals_20260911_183436\trip_updates.pb,38668,d69fc25f789ecd728cd24ef3542c68d5816b5211916bae1718683097c86b21b4
bart_live_terminals_20260911_183436,gtfsrt_alerts,C:\Users\Igor\StudioProjects\BartRunnerAndroid\app\src\test\resources\bart_live_terminals_20260911_183436\alerts.pb,675,6555eacfaeb2c5fbd93cf7e0dc89eaf9cb4376c48e37fb4ad8699b37632f0f9e
