capture_id,trip_id,entity_id,selected,selected_entity_id,duplicate_count,decision
bart_live_20260911_161720,1965151,1965151,True,1965151,1,selected_newest_stable_tiebreak
bart_live_20260911_161720,1965152,1965152,True,1965152,1,selected_newest_stable_tiebreak
bart_live_20260911_161720,1965153,1965153,True,1965153,1,selected_newest_stable_tiebreak
bart_live_20260911_161720,1965154,1965154,True,1965154,1,selected_newest_stable_tiebreak
bart_live_20260911_161720,1965155,1965155,True,1965155,1,selected_newest_stable_tiebreak
bart_live_20260911_161720,1965156,1965156,True,1965156,1,selected_newest_stable_tiebreak
bart_live_20260911_161720,1965157,1965157,True,1965157,1,selected_newest_stable_tiebreak
bart_live_20260911_161720,1965194,1965194,True,1965194,1,selected_newest_stable_tiebreak
bart_live_20260911_161720,1965195,1965195,True,1965195,1,selected_newest_stable_tiebreak
bart_live_20260911_161720,1965196,1965196,True,1965196,1,selected_newest_stable_tiebreak
bart_live_20260911_161720,1965197,1965197,True,1965197,1,selected_newest_stable_tiebreak
bart_live_20260911_161720,1965198,1965198,True,1965198,1,selected_newest_stable_tiebreak
bart_live_20260911_161720,1965199,1965199,True,1965199,1,selected_newest_stable_tiebreak
bart_live_20260911_161720,1965271,1965271,True,1965271,1,selected_newest_stable_tiebreak
bart_live_20260911_161720,1965272,1965272,True,1965272,1,selected_newest_stable_tiebreak
bart_live_20260911_161720,1965273,1965273,True,1965273,1,selected_newest_stable_tiebreak
bart_live_20260911_161720,1965274,1965274,True,1965274,1,selected_newest_stable_tiebreak
bart_live_20260911_161720,1965275,1965275,True,1965275,1,selected_newest_stable_tiebreak
bart_live_20260911_161720,1965276,1965276,True,1965276,1,selected_newest_stable_tiebreak
bart_live_20260911_161720,1965301,1965301,True,1965301,1,selected_newest_stable_tiebreak
bart_live_20260911_161720,1965302,1965302,True,1965302,1,selected_newest_stable_tiebreak
bart_live_20260911_161720,1965303,1965303,True,1965303,1,selected_newest_stable_tiebreak
bart_live_20260911_161720,1965304,1965304,True,1965304,1,selected_newest_stable_tiebreak
bart_live_20260911_161720,1965305,1965305,True,1965305,1,selected_newest_stable_tiebreak
bart_live_20260911_161720,1965306,1965306,True,1965306,1,selected_newest_stable_tiebreak
bart_live_20260911_161720,1965398,1965398,True,1965398,1,selected_newest_stable_tiebreak
bart_live_20260911_161720,1965399,1965399,True,1965399,1,selected_newest_stable_tiebreak
bart_live_20260911_161720,1965400,1965400,True,1965400,1,selected_newest_stable_tiebreak
bart_live_20260911_161720,1965401,1965401,True,1965401,1,selected_newest_stable_tiebreak
bart_live_20260911_161720,1965402,1965402,True,1965402,1,selected_newest_stable_tiebreak
bart_live_20260911_161720,1965403,1965403,True,1965403,1,selected_newest_stable_tiebreak
bart_live_20260911_161720,1965455,1965455,True,1965455,1,selected_newest_stable_tiebreak
bart_live_20260911_161720,1965456,1965456,True,1965456,1,selected_newest_stable_tiebreak
bart_live_20260911_161720,1965457,1965457,True,1965457,1,selected_newest_stable_tiebreak
bart_live_20260911_161720,1965458,1965458,True,1965458,1,selected_newest_stable_tiebreak
bart_live_20260911_161720,1965459,1965459,True,1965459,1,selected_newest_stable_tiebreak
bart_live_20260911_161720,1965460,1965460,True,1965460,1,selected_newest_stable_tiebreak
bart_live_20260911_161720,1965516,1965516,True,1965516,1,selected_newest_stable_tiebreak
bart_live_20260911_161720,1965517,1965517,True,1965517,1,selected_newest_stable_tiebreak
bart_live_20260911_161720,1965518,1965518,True,1965518,1,selected_newest_stable_tiebreak
bart_live_20260911_161720,1965519,1965519,True,1965519,1,selected_newest_stable_tiebreak
bart_live_20260911_161720,1965520,1965520,True,1965520,1,selected_newest_stable_tiebreak
bart_live_20260911_161720,1965521,1965521,True,1965521,1,selected_newest_stable_tiebreak
bart_live_20260911_161720,1965561,1965561,True,1965561,1,selected_newest_stable_tiebreak
bart_live_20260911_161720,1965562,1965562,True,1965562,1,selected_newest_stable_tiebreak
bart_live_20260911_161720,1965563,1965563,True,1965563,1,selected_newest_stable_tiebreak
bart_live_20260911_161720,1965564,1965564,True,1965564,1,selected_newest_stable_tiebreak
bart_live_20260911_161720,1965565,1965565,True,1965565,1,selected_newest_stable_tiebreak
bart_live_20260911_161720,1965566,1965566,True,1965566,1,selected_newest_stable_tiebreak
bart_live_20260911_161720,1965567,1965567,True,1965567,1,selected_newest_stable_tiebreak
bart_live_20260911_161720,1965654,1965654,True,1965654,1,selected_newest_stable_tiebreak
bart_live_20260911_161720,1965655,1965655,True,1965655,1,selected_newest_stable_tiebreak
bart_live_20260911_161720,1965656,1965656,True,1965656,1,selected_newest_stable_tiebreak
bart_live_20260911_161720,1965657,1965657,True,1965657,1,selected_newest_stable_tiebreak
bart_live_20260911_161720,1965658,1965658,True,1965658,1,selected_newest_stable_tiebreak
bart_live_20260911_161720,1965659,1965659,True,1965659,1,selected_newest_stable_tiebreak
bart_live_20260911_161720,1965696,1965696,True,1965696,1,selected_newest_stable_tiebreak
bart_live_20260911_161720,1965697,1965697,True,1965697,1,selected_newest_stable_tiebreak
bart_live_20260911_161720,1965698,1965698,True,1965698,1,selected_newest_stable_tiebreak
bart_live_20260911_161720,1965699,1965699,True,1965699,1,selected_newest_stable_tiebreak
bart_live_20260911_161720,1965700,1965700,True,1965700,1,selected_newest_stable_tiebreak
bart_live_20260911_161720,1965701,1965701,True,1965701,1,selected_newest_stable_tiebreak
bart_live_20260911_161720,1965791,1965791,True,1965791,1,selected_newest_stable_tiebreak
bart_live_20260911_161720,1965792,1965792,True,1965792,1,selected_newest_stable_tiebreak
bart_live_20260911_161720,1965793,1965793,True,1965793,1,selected_newest_stable_tiebreak
bart_live_20260911_161720,1965794,1965794,True,1965794,1,selected_newest_stable_tiebreak
bart_live_20260911_161720,1965795,1965795,True,1965795,1,selected_newest_stable_tiebreak
bart_live_20260911_161720,1965847,1965847,True,1965847,1,selected_newest_stable_tiebreak
bart_live_20260911_161720,1965848,1965848,True,1965848,1,selected_newest_stable_tiebreak
bart_live_20260911_161720,1965849,1965849,True,1965849,1,selected_newest_stable_tiebreak
bart_live_20260911_161720,1965850,1965850,True,1965850,1,selected_newest_stable_tiebreak
bart_live_20260911_161720,1965851,1965851,True,1965851,1,selected_newest_stable_tiebreak
bart_live_20260911_161720,676,676,True,676,1,selected_newest_stable_tiebreak
bart_live_20260911_161720,678,678,True,678,1,selected_newest_stable_tiebreak
bart_live_20260911_161720,680,680,True,680,1,selected_newest_stable_tiebreak
bart_live_20260911_161720,682,682,True,682,1,selected_newest_stable_tiebreak
bart_live_20260911_161720,683,683,True,683,1,selected_newest_stable_tiebreak
bart_live_20260911_161720,684,684,True,684,1,selected_newest_stable_tiebreak
bart_live_20260911_161720,685,685,True,685,1,selected_newest_stable_tiebreak
bart_live_20260911_161720,687,687,True,687,1,selected_newest_stable_tiebreak
bart_live_20260911_161720,689,689,True,689,1,selected_newest_stable_tiebreak
bart_live_20260911_161720,691,691,True,691,1,selected_newest_stable_tiebreak
bart_live_20260911_185819,1965118,1965118,True,1965118,1,selected_newest_stable_tiebreak
bart_live_20260911_185819,1965119,1965119,True,1965119,2,selected_newest_stable_tiebreak
bart_live_20260911_185819,1965119,1965119,True,1965119,2,selected_newest_stable_tiebreak
bart_live_20260911_185819,1965159,1965159,True,1965159,1,selected_newest_stable_tiebreak
bart_live_20260911_185819,1965160,1965160,True,1965160,1,selected_newest_stable_tiebreak
bart_live_20260911_185819,1965161,1965161,True,1965161,1,selected_newest_stable_tiebreak
bart_live_20260911_185819,1965162,1965162,True,1965162,1,selected_newest_stable_tiebreak
bart_live_20260911_185819,1965202,1965202,True,1965202,1,selected_newest_stable_tiebreak
bart_live_20260911_185819,1965203,1965203,True,1965203,1,selected_newest_stable_tiebreak
bart_live_20260911_185819,1965204,1965204,True,1965204,1,selected_newest_stable_tiebreak
bart_live_20260911_185819,1965205,1965205,True,1965205,1,selected_newest_stable_tiebreak
bart_live_20260911_185819,1965206,1965206,True,1965206,1,selected_newest_stable_tiebreak
bart_live_20260911_185819,1965277,1965277,True,1965277,1,selected_newest_stable_tiebreak
bart_live_20260911_185819,1965278,1965278,True,1965278,1,selected_newest_stable_tiebreak
bart_live_20260911_185819,1965279,1965279,True,1965279,1,selected_newest_stable_tiebreak
bart_live_20260911_185819,1965280,1965280,True,1965280,1,selected_newest_stable_tiebreak
bart_live_20260911_185819,1965281,1965281,True,1965281,1,selected_newest_stable_tiebreak
bart_live_20260911_185819,1965282,1965282,True,1965282,1,selected_newest_stable_tiebreak
bart_live_20260911_185819,1965283,1965283,True,1965283,1,selected_newest_stable_tiebreak
bart_live_20260911_185819,1965284,1965284,True,1965284,1,selected_newest_stable_tiebreak
bart_live_20260911_185819,1965299,1965299,True,1965299,1,selected_newest_stable_tiebreak
bart_live_20260911_185819,1965300,1965300,True,1965300,1,selected_newest_stable_tiebreak
bart_live_20260911_185819,1965308,1965308,True,1965308,2,selected_newest_stable_tiebreak
bart_live_20260911_185819,1965308,1965308,True,1965308,2,selected_newest_stable_tiebreak
bart_live_20260911_185819,1965309,1965309,True,1965309,1,selected_newest_stable_tiebreak
bart_live_20260911_185819,1965341,1965341,True,1965341,1,selected_newest_stable_tiebreak
bart_live_20260911_185819,1965406,1965406,True,1965406,1,selected_newest_stable_tiebreak
bart_live_20260911_185819,1965407,1965407,True,1965407,1,selected_newest_stable_tiebreak
bart_live_20260911_185819,1965408,1965408,True,1965408,1,selected_newest_stable_tiebreak
bart_live_20260911_185819,1965409,1965409,True,1965409,1,selected_newest_stable_tiebreak
bart_live_20260911_185819,1965410,1965410,True,1965410,1,selected_newest_stable_tiebreak
bart_live_20260911_185819,1965411,1965411,True,1965411,1,selected_newest_stable_tiebreak
bart_live_20260911_185819,1965463,1965463,True,1965463,1,selected_newest_stable_tiebreak
bart_live_20260911_185819,1965464,1965464,True,1965464,1,selected_newest_stable_tiebreak
bart_live_20260911_185819,1965465,1965465,True,1965465,1,selected_newest_stable_tiebreak
bart_live_20260911_185819,1965466,1965466,True,1965466,1,selected_newest_stable_tiebreak
bart_live_20260911_185819,1965467,1965467,True,1965467,1,selected_newest_stable_tiebreak
bart_live_20260911_185819,1965468,1965468,True,1965468,1,selected_newest_stable_tiebreak
bart_live_20260911_185819,1965524,1965524,True,1965524,1,selected_newest_stable_tiebreak
bart_live_20260911_185819,1965525,1965525,True,1965525,1,selected_newest_stable_tiebreak
bart_live_20260911_185819,1965526,1965526,True,1965526,1,selected_newest_stable_tiebreak
bart_live_20260911_185819,1965528,1965528,True,1965528,1,selected_newest_stable_tiebreak
bart_live_20260911_185819,1965568,1965568,True,1965568,1,selected_newest_stable_tiebreak
bart_live_20260911_185819,1965570,1965570,True,1965570,1,selected_newest_stable_tiebreak
bart_live_20260911_185819,1965571,1965571,True,1965571,1,selected_newest_stable_tiebreak
bart_live_20260911_185819,1965572,1965572,True,1965572,1,selected_newest_stable_tiebreak
bart_live_20260911_185819,1965573,1965573,True,1965573,1,selected_newest_stable_tiebreak
bart_live_20260911_185819,1965574,1965574,True,1965574,1,selected_newest_stable_tiebreak
bart_live_20260911_185819,1965662,1965662,True,1965662,1,selected_newest_stable_tiebreak
bart_live_20260911_185819,1965663,1965663,True,1965663,1,selected_newest_stable_tiebreak
bart_live_20260911_185819,1965664,1965664,True,1965664,1,selected_newest_stable_tiebreak
bart_live_20260911_185819,1965665,1965665,True,1965665,1,selected_newest_stable_tiebreak
bart_live_20260911_185819,1965666,1965666,True,1965666,1,selected_newest_stable_tiebreak
bart_live_20260911_185819,1965667,1965667,True,1965667,1,selected_newest_stable_tiebreak
bart_live_20260911_185819,1965703,1965703,True,1965703,1,selected_newest_stable_tiebreak
bart_live_20260911_185819,1965704,1965704,True,1965704,1,selected_newest_stable_tiebreak
bart_live_20260911_185819,1965705,1965705,True,1965705,1,selected_newest_stable_tiebreak
bart_live_20260911_185819,1965706,1965706,True,1965706,1,selected_newest_stable_tiebreak
bart_live_20260911_185819,1965707,1965707,True,1965707,1,selected_newest_stable_tiebreak
bart_live_20260911_185819,1965708,1965708,True,1965708,1,selected_newest_stable_tiebreak
bart_live_20260911_185819,1965709,1965709,True,1965709,1,selected_newest_stable_tiebreak
bart_live_20260911_185819,1965799,1965799,True,1965799,1,selected_newest_stable_tiebreak
bart_live_20260911_185819,1965800,1965800,True,1965800,1,selected_newest_stable_tiebreak
bart_live_20260911_185819,1965801,1965801,True,1965801,1,selected_newest_stable_tiebreak
bart_live_20260911_185819,1965802,1965802,True,1965802,1,selected_newest_stable_tiebreak
bart_live_20260911_185819,1965803,1965803,True,1965803,1,selected_newest_stable_tiebreak
bart_live_20260911_185819,1965854,1965854,True,1965854,1,selected_newest_stable_tiebreak
bart_live_20260911_185819,1965855,1965855,True,1965855,1,selected_newest_stable_tiebreak
bart_live_20260911_185819,1965856,1965856,True,1965856,1,selected_newest_stable_tiebreak
bart_live_20260911_185819,1965857,1965857,True,1965857,1,selected_newest_stable_tiebreak
bart_live_20260911_185819,1965858,1965858,True,1965858,1,selected_newest_stable_tiebreak
bart_live_20260911_185819,1965859,1965859,True,1965859,1,selected_newest_stable_tiebreak
bart_live_20260911_185819,692,692,True,692,1,selected_newest_stable_tiebreak
bart_live_20260911_185819,694,694,True,694,1,selected_newest_stable_tiebreak
bart_live_20260911_185819,696,696,True,696,1,selected_newest_stable_tiebreak
bart_live_20260911_185819,698,698,True,698,1,selected_newest_stable_tiebreak
bart_live_20260911_185819,699,699,True,699,1,selected_newest_stable_tiebreak
bart_live_20260911_185819,701,701,True,701,1,selected_newest_stable_tiebreak
bart_live_20260911_185819,702,702,True,702,1,selected_newest_stable_tiebreak
bart_live_20260911_185819,703,703,True,703,1,selected_newest_stable_tiebreak
bart_live_20260911_185819,705,705,True,705,1,selected_newest_stable_tiebreak
bart_live_20260911_185819,707,707,True,707,1,selected_newest_stable_tiebreak
bart_live_20260912_071605,2000422,2000422,True,2000422,1,selected_newest_stable_tiebreak
bart_live_20260912_071605,2000423,2000423,True,2000423,1,selected_newest_stable_tiebreak
bart_live_20260912_071605,2000424,2000424,True,2000424,1,selected_newest_stable_tiebreak
bart_live_20260912_071605,2000425,2000425,True,2000425,1,selected_newest_stable_tiebreak
bart_live_20260912_071605,2000426,2000426,True,2000426,1,selected_newest_stable_tiebreak
bart_live_20260912_071605,2000427,2000427,True,2000427,1,selected_newest_stable_tiebreak
bart_live_20260912_071605,2000492,2000492,True,2000492,1,selected_newest_stable_tiebreak
bart_live_20260912_071605,2000493,2000493,True,2000493,1,selected_newest_stable_tiebreak
bart_live_20260912_071605,2000494,2000494,True,2000494,1,selected_newest_stable_tiebreak
bart_live_20260912_071605,2000495,2000495,True,2000495,1,selected_newest_stable_tiebreak
bart_live_20260912_071605,2000496,2000496,True,2000496,1,selected_newest_stable_tiebreak
bart_live_20260912_071605,2000497,2000497,True,2000497,1,selected_newest_stable_tiebreak
bart_live_20260912_071605,2000498,2000498,True,2000498,1,selected_newest_stable_tiebreak
bart_live_20260912_071605,2000565,2000565,True,2000565,1,selected_newest_stable_tiebreak
bart_live_20260912_071605,2000566,2000566,True,2000566,1,selected_newest_stable_tiebreak
bart_live_20260912_071605,2000567,2000567,True,2000567,1,selected_newest_stable_tiebreak
bart_live_20260912_071605,2000568,2000568,True,2000568,1,selected_newest_stable_tiebreak
bart_live_20260912_071605,2000569,2000569,True,2000569,1,selected_newest_stable_tiebreak
bart_live_20260912_071605,2000621,2000621,True,2000621,1,selected_newest_stable_tiebreak
bart_live_20260912_071605,2000622,2000622,True,2000622,1,selected_newest_stable_tiebreak
bart_live_20260912_071605,2000623,2000623,True,2000623,1,selected_newest_stable_tiebreak
bart_live_20260912_071605,2000624,2000624,True,2000624,1,selected_newest_stable_tiebreak
bart_live_20260912_071605,2000625,2000625,True,2000625,1,selected_newest_stable_tiebreak
bart_live_20260912_071605,2000721,2000721,True,2000721,1,selected_newest_stable_tiebreak
bart_live_20260912_071605,2000806,2000806,True,2000806,1,selected_newest_stable_tiebreak
bart_live_20260912_071605,2000807,2000807,True,2000807,1,selected_newest_stable_tiebreak
bart_live_20260912_071605,2000808,2000808,True,2000808,1,selected_newest_stable_tiebreak
bart_live_20260912_071605,2000809,2000809,True,2000809,1,selected_newest_stable_tiebreak
bart_live_20260912_071605,2000810,2000810,True,2000810,1,selected_newest_stable_tiebreak
bart_live_20260912_071605,2000811,2000811,True,2000811,1,selected_newest_stable_tiebreak
bart_live_20260912_071605,2000847,2000847,True,2000847,1,selected_newest_stable_tiebreak
bart_live_20260912_071605,2000848,2000848,True,2000848,1,selected_newest_stable_tiebreak
bart_live_20260912_071605,2000849,2000849,True,2000849,1,selected_newest_stable_tiebreak
bart_live_20260912_071605,2000932,2000932,True,2000932,1,selected_newest_stable_tiebreak
bart_live_20260912_071605,2000933,2000933,True,2000933,1,selected_newest_stable_tiebreak
bart_live_20260912_071605,2000934,2000934,True,2000934,1,selected_newest_stable_tiebreak
bart_live_20260912_071605,2000935,2000935,True,2000935,1,selected_newest_stable_tiebreak
bart_live_20260912_071605,2000986,2000986,True,2000986,1,selected_newest_stable_tiebreak
bart_live_20260912_071605,2000988,2000988,True,2000988,1,selected_newest_stable_tiebreak
bart_live_20260912_071605,2000989,2000989,True,2000989,1,selected_newest_stable_tiebreak
bart_live_20260912_071605,2000990,2000990,True,2000990,1,selected_newest_stable_tiebreak
bart_live_20260912_071605,2000991,2000991,True,2000991,1,selected_newest_stable_tiebreak
bart_live_20260912_071605,2000992,2000992,True,2000992,1,selected_newest_stable_tiebreak
bart_live_20260912_071605,2002128,2002128,True,2002128,1,selected_newest_stable_tiebreak
bart_live_20260912_071605,2002130,2002130,True,2002130,1,selected_newest_stable_tiebreak
bart_live_20260912_071605,2002131,2002131,True,2002131,1,selected_newest_stable_tiebreak
bart_live_20260912_071605,2002137,2002137,True,2002137,1,selected_newest_stable_tiebreak
bart_live_20260912_071605,2002145,2002145,True,2002145,1,selected_newest_stable_tiebreak
bart_live_20260912_071605,2002147,2002147,True,2002147,1,selected_newest_stable_tiebreak
bart_live_20260912_071605,2015187,2015187,True,2015187,1,selected_newest_stable_tiebreak
bart_live_20260912_071605,616,616,True,616,1,selected_newest_stable_tiebreak
bart_live_20260912_071605,618,618,True,618,1,selected_newest_stable_tiebreak
bart_live_20260912_071605,620,620,True,620,1,selected_newest_stable_tiebreak
bart_live_20260912_071605,621,621,True,621,1,selected_newest_stable_tiebreak
bart_live_20260912_071605,622,622,True,622,1,selected_newest_stable_tiebreak
bart_live_20260912_071605,623,623,True,623,1,selected_newest_stable_tiebreak
bart_live_20260912_071605,625,625,True,625,1,selected_newest_stable_tiebreak
bart_live_20260912_071605,627,627,True,627,1,selected_newest_stable_tiebreak
bart_live_20260912_071605,629,629,True,629,1,selected_newest_stable_tiebreak
bart_live_20260912_192815,2000418,2000418,True,2000418,1,selected_newest_stable_tiebreak
bart_live_20260912_192815,2000419,2000419,True,2000419,1,selected_newest_stable_tiebreak
bart_live_20260912_192815,2000458,2000458,True,2000458,1,selected_newest_stable_tiebreak
bart_live_20260912_192815,2000459,2000459,True,2000459,1,selected_newest_stable_tiebreak
bart_live_20260912_192815,2000460,2000460,True,2000460,1,selected_newest_stable_tiebreak
bart_live_20260912_192815,2000461,2000461,True,2000461,1,selected_newest_stable_tiebreak
bart_live_20260912_192815,2000462,2000462,True,2000462,1,selected_newest_stable_tiebreak
bart_live_20260912_192815,2000529,2000529,True,2000529,1,selected_newest_stable_tiebreak
bart_live_20260912_192815,2000530,2000530,True,2000530,1,selected_newest_stable_tiebreak
bart_live_20260912_192815,2000531,2000531,True,2000531,1,selected_newest_stable_tiebreak
bart_live_20260912_192815,2000532,2000532,True,2000532,1,selected_newest_stable_tiebreak
bart_live_20260912_192815,2000533,2000533,True,2000533,1,selected_newest_stable_tiebreak
bart_live_20260912_192815,2000534,2000534,True,2000534,1,selected_newest_stable_tiebreak
bart_live_20260912_192815,2000535,2000535,True,2000535,1,selected_newest_stable_tiebreak
bart_live_20260912_192815,2000603,2000603,True,2000603,1,selected_newest_stable_tiebreak
bart_live_20260912_192815,2000604,2000604,True,2000604,1,selected_newest_stable_tiebreak
bart_live_20260912_192815,2000605,2000605,True,2000605,1,selected_newest_stable_tiebreak
bart_live_20260912_192815,2000658,2000658,True,2000658,1,selected_newest_stable_tiebreak
bart_live_20260912_192815,2000659,2000659,True,2000659,1,selected_newest_stable_tiebreak
bart_live_20260912_192815,2000660,2000660,True,2000660,1,selected_newest_stable_tiebreak
bart_live_20260912_192815,2000661,2000661,True,2000661,1,selected_newest_stable_tiebreak
bart_live_20260912_192815,2000662,2000662,True,2000662,1,selected_newest_stable_tiebreak
bart_live_20260912_192815,2000843,2000843,True,2000843,1,selected_newest_stable_tiebreak
bart_live_20260912_192815,2000844,2000844,True,2000844,1,selected_newest_stable_tiebreak
bart_live_20260912_192815,2000845,2000845,True,2000845,1,selected_newest_stable_tiebreak
bart_live_20260912_192815,2000846,2000846,True,2000846,1,selected_newest_stable_tiebreak
bart_live_20260912_192815,2000881,2000881,True,2000881,1,selected_newest_stable_tiebreak
bart_live_20260912_192815,2000882,2000882,True,2000882,1,selected_newest_stable_tiebreak
bart_live_20260912_192815,2000883,2000883,True,2000883,1,selected_newest_stable_tiebreak
bart_live_20260912_192815,2000884,2000884,True,2000884,1,selected_newest_stable_tiebreak
bart_live_20260912_192815,2000885,2000885,True,2000885,1,selected_newest_stable_tiebreak
bart_live_20260912_192815,2000969,2000969,True,2000969,1,selected_explicit_cancellation
bart_live_20260912_192815,2000970,2000970,True,2000970,1,selected_newest_stable_tiebreak
bart_live_20260912_192815,2000971,2000971,True,2000971,1,selected_newest_stable_tiebreak
bart_live_20260912_192815,2000972,2000972,True,2000972,1,selected_newest_stable_tiebreak
bart_live_20260912_192815,2001025,2001025,True,2001025,1,selected_newest_stable_tiebreak
bart_live_20260912_192815,2001026,2001026,True,2001026,1,selected_newest_stable_tiebreak
bart_live_20260912_192815,2001027,2001027,True,2001027,1,selected_newest_stable_tiebreak
bart_live_20260912_192815,2001028,2001028,True,2001028,1,selected_newest_stable_tiebreak
bart_live_20260912_192815,2002093,2002093,True,2002093,1,selected_newest_stable_tiebreak
bart_live_20260912_192815,2002094,2002094,True,2002094,1,selected_newest_stable_tiebreak
bart_live_20260912_192815,2002176,2002176,True,2002176,1,selected_newest_stable_tiebreak
bart_live_20260912_192815,2002177,2002177,True,2002177,1,selected_newest_stable_tiebreak
bart_live_20260912_192815,400192630,400192630,True,400192630,1,selected_newest_stable_tiebreak
bart_live_20260912_192815,500192710,500192710,True,500192710,1,selected_newest_stable_tiebreak
bart_live_20260912_192815,503190510,503190510,True,503190510,1,selected_newest_stable_tiebreak
bart_live_20260912_192815,631185210,631185210,True,631185210,1,selected_newest_stable_tiebreak
bart_live_20260912_192815,633191710,633191710,True,633191710,1,selected_newest_stable_tiebreak
bart_live_20260912_192815,690,690,True,690,1,selected_newest_stable_tiebreak
bart_live_20260912_192815,692,692,True,692,1,selected_newest_stable_tiebreak
bart_live_20260912_192815,693,693,True,693,1,selected_newest_stable_tiebreak
bart_live_20260912_192815,694,694,True,694,1,selected_newest_stable_tiebreak
bart_live_20260912_192815,695,695,True,695,1,selected_newest_stable_tiebreak
bart_live_20260912_192815,696,696,True,696,1,selected_newest_stable_tiebreak
bart_live_20260912_192815,697,697,True,697,1,selected_newest_stable_tiebreak
bart_live_20260912_192815,699,699,True,699,1,selected_newest_stable_tiebreak
bart_live_20260912_192815,701,701,True,701,1,selected_newest_stable_tiebreak
bart_live_20260912_192815,905192510,905192510,True,905192510,1,selected_newest_stable_tiebreak
bart_live_20260913_182435,2019532,2019532,True,2019532,1,selected_newest_stable_tiebreak
bart_live_20260913_182435,2019533,2019533,True,2019533,1,selected_newest_stable_tiebreak
bart_live_20260913_182435,2019569,2019569,True,2019569,1,selected_newest_stable_tiebreak
bart_live_20260913_182435,2019570,2019570,True,2019570,1,selected_newest_stable_tiebreak
bart_live_20260913_182435,2019571,2019571,True,2019571,1,selected_newest_stable_tiebreak
bart_live_20260913_182435,2019572,2019572,True,2019572,1,selected_newest_stable_tiebreak
bart_live_20260913_182435,2019573,2019573,True,2019573,1,selected_newest_stable_tiebreak
bart_live_20260913_182435,2019640,2019640,True,2019640,1,selected_newest_stable_tiebreak
bart_live_20260913_182435,2019641,2019641,True,2019641,1,selected_newest_stable_tiebreak
bart_live_20260913_182435,2019642,2019642,True,2019642,1,selected_newest_stable_tiebreak
bart_live_20260913_182435,2019643,2019643,True,2019643,1,selected_newest_stable_tiebreak
bart_live_20260913_182435,2019644,2019644,True,2019644,1,selected_newest_stable_tiebreak
bart_live_20260913_182435,2019645,2019645,True,2019645,1,selected_newest_stable_tiebreak
bart_live_20260913_182435,2019712,2019712,True,2019712,1,selected_newest_stable_tiebreak
bart_live_20260913_182435,2019713,2019713,True,2019713,1,selected_newest_stable_tiebreak
bart_live_20260913_182435,2019714,2019714,True,2019714,1,selected_newest_stable_tiebreak
bart_live_20260913_182435,2019715,2019715,True,2019715,1,selected_newest_stable_tiebreak
bart_live_20260913_182435,2019716,2019716,True,2019716,1,selected_newest_stable_tiebreak
bart_live_20260913_182435,2019743,2019743,True,2019743,1,selected_newest_stable_tiebreak
bart_live_20260913_182435,2019782,2019782,True,2019782,1,selected_newest_stable_tiebreak
bart_live_20260913_182435,2019830,2019830,True,2019830,1,selected_newest_stable_tiebreak
bart_live_20260913_182435,2019831,2019831,True,2019831,1,selected_newest_stable_tiebreak
bart_live_20260913_182435,2019832,2019832,True,2019832,1,selected_newest_stable_tiebreak
bart_live_20260913_182435,2019833,2019833,True,2019833,1,selected_newest_stable_tiebreak
bart_live_20260913_182435,2019834,2019834,True,2019834,1,selected_newest_stable_tiebreak
bart_live_20260913_182435,2019863,2019863,True,2019863,1,selected_newest_stable_tiebreak
bart_live_20260913_182435,2019901,2019901,True,2019901,1,selected_newest_stable_tiebreak
bart_live_20260913_182435,2019990,2019990,True,2019990,1,selected_newest_stable_tiebreak
bart_live_20260913_182435,2019991,2019991,True,2019991,1,selected_newest_stable_tiebreak
bart_live_20260913_182435,2019992,2019992,True,2019992,1,selected_newest_stable_tiebreak
bart_live_20260913_182435,2019993,2019993,True,2019993,1,selected_newest_stable_tiebreak
bart_live_20260913_182435,2019994,2019994,True,2019994,1,selected_newest_stable_tiebreak
bart_live_20260913_182435,2019995,2019995,True,2019995,1,selected_newest_stable_tiebreak
bart_live_20260913_182435,2020029,2020029,True,2020029,1,selected_newest_stable_tiebreak
bart_live_20260913_182435,2020030,2020030,True,2020030,1,selected_newest_stable_tiebreak
bart_live_20260913_182435,2020031,2020031,True,2020031,1,selected_newest_stable_tiebreak
bart_live_20260913_182435,2020032,2020032,True,2020032,1,selected_newest_stable_tiebreak
bart_live_20260913_182435,2020033,2020033,True,2020033,1,selected_newest_stable_tiebreak
bart_live_20260913_182435,2020115,2020115,True,2020115,1,selected_newest_stable_tiebreak
bart_live_20260913_182435,2020116,2020116,True,2020116,1,selected_newest_stable_tiebreak
bart_live_20260913_182435,2020117,2020117,True,2020117,1,selected_newest_stable_tiebreak
bart_live_20260913_182435,2020118,2020118,True,2020118,1,selected_newest_stable_tiebreak
bart_live_20260913_182435,2020119,2020119,True,2020119,1,selected_newest_stable_tiebreak
bart_live_20260913_182435,2020120,2020120,True,2020120,1,selected_newest_stable_tiebreak
bart_live_20260913_182435,2020174,2020174,True,2020174,1,selected_newest_stable_tiebreak
bart_live_20260913_182435,2020175,2020175,True,2020175,1,selected_newest_stable_tiebreak
bart_live_20260913_182435,2020176,2020176,True,2020176,1,selected_newest_stable_tiebreak
bart_live_20260913_182435,2020177,2020177,True,2020177,1,selected_newest_stable_tiebreak
bart_live_20260913_182435,2020178,2020178,True,2020178,1,selected_newest_stable_tiebreak
bart_live_20260913_182435,682,682,True,682,1,selected_newest_stable_tiebreak
bart_live_20260913_182435,684,684,True,684,1,selected_newest_stable_tiebreak
bart_live_20260913_182435,686,686,True,686,1,selected_newest_stable_tiebreak
bart_live_20260913_182435,687,687,True,687,1,selected_newest_stable_tiebreak
bart_live_20260913_182435,688,688,True,688,1,selected_newest_stable_tiebreak
bart_live_20260913_182435,689,689,True,689,1,selected_newest_stable_tiebreak
bart_live_20260913_182435,690,690,True,690,1,selected_newest_stable_tiebreak
bart_live_20260913_182435,691,691,True,691,1,selected_newest_stable_tiebreak
bart_live_20260913_182435,693,693,True,693,1,selected_newest_stable_tiebreak
bart_live_20260913_182435,695,695,True,695,1,selected_newest_stable_tiebreak
bart_live_20260913_201652,2019533,2019533,True,2019533,1,selected_newest_stable_tiebreak
bart_live_20260913_201652,2019574,2019574,True,2019574,1,selected_newest_stable_tiebreak
bart_live_20260913_201652,2019575,2019575,True,2019575,1,selected_newest_stable_tiebreak
bart_live_20260913_201652,2019576,2019576,True,2019576,1,selected_newest_stable_tiebreak
bart_live_20260913_201652,2019577,2019577,True,2019577,1,selected_newest_stable_tiebreak
bart_live_20260913_201652,2019578,2019578,True,2019578,1,selected_newest_stable_tiebreak
bart_live_20260913_201652,2019645,2019645,True,2019645,1,selected_newest_stable_tiebreak
bart_live_20260913_201652,2019646,2019646,True,2019646,1,selected_newest_stable_tiebreak
bart_live_20260913_201652,2019647,2019647,True,2019647,1,selected_newest_stable_tiebreak
bart_live_20260913_201652,2019648,2019648,True,2019648,1,selected_newest_stable_tiebreak
bart_live_20260913_201652,2019649,2019649,True,2019649,1,selected_newest_stable_tiebreak
bart_live_20260913_201652,2019650,2019650,True,2019650,1,selected_newest_stable_tiebreak
bart_live_20260913_201652,2019651,2019651,True,2019651,1,selected_newest_stable_tiebreak
bart_live_20260913_201652,2019663,2019663,True,2019663,1,selected_newest_stable_tiebreak
bart_live_20260913_201652,2019718,2019718,True,2019718,1,selected_newest_stable_tiebreak
bart_live_20260913_201652,2019719,2019719,True,2019719,1,selected_newest_stable_tiebreak
bart_live_20260913_201652,2019720,2019720,True,2019720,1,selected_newest_stable_tiebreak
bart_live_20260913_201652,2019721,2019721,True,2019721,1,selected_newest_stable_tiebreak
bart_live_20260913_201652,2019722,2019722,True,2019722,1,selected_newest_stable_tiebreak
bart_live_20260913_201652,2019740,2019740,True,2019740,1,selected_newest_stable_tiebreak
bart_live_20260913_201652,2019741,2019741,True,2019741,1,selected_newest_stable_tiebreak
bart_live_20260913_201652,2019785,2019785,True,2019785,1,selected_newest_stable_tiebreak
bart_live_20260913_201652,2019835,2019835,True,2019835,1,selected_newest_stable_tiebreak
bart_live_20260913_201652,2019836,2019836,True,2019836,1,selected_newest_stable_tiebreak
bart_live_20260913_201652,2019837,2019837,True,2019837,1,selected_newest_stable_tiebreak
bart_live_20260913_201652,2019838,2019838,True,2019838,1,selected_newest_stable_tiebreak
bart_live_20260913_201652,2019839,2019839,True,2019839,1,selected_newest_stable_tiebreak
bart_live_20260913_201652,2019860,2019860,True,2019860,1,selected_newest_stable_tiebreak
bart_live_20260913_201652,2019903,2019903,True,2019903,1,selected_newest_stable_tiebreak
bart_live_20260913_201652,2019904,2019904,True,2019904,1,selected_newest_stable_tiebreak
bart_live_20260913_201652,2019996,2019996,True,2019996,1,selected_newest_stable_tiebreak
bart_live_20260913_201652,2019997,2019997,True,2019997,1,selected_newest_stable_tiebreak
bart_live_20260913_201652,2020034,2020034,True,2020034,1,selected_newest_stable_tiebreak
bart_live_20260913_201652,2020035,2020035,True,2020035,1,selected_newest_stable_tiebreak
bart_live_20260913_201652,2020036,2020036,True,2020036,1,selected_newest_stable_tiebreak
bart_live_20260913_201652,2020037,2020037,True,2020037,1,selected_newest_stable_tiebreak
bart_live_20260913_201652,2020038,2020038,True,2020038,1,selected_newest_stable_tiebreak
bart_live_20260913_201652,2020039,2020039,True,2020039,1,selected_newest_stable_tiebreak
bart_live_20260913_201652,2020121,2020121,True,2020121,1,selected_newest_stable_tiebreak
bart_live_20260913_201652,2020122,2020122,True,2020122,1,selected_newest_stable_tiebreak
bart_live_20260913_201652,2020123,2020123,True,2020123,1,selected_newest_stable_tiebreak
bart_live_20260913_201652,2020124,2020124,True,2020124,1,selected_newest_stable_tiebreak
bart_live_20260913_201652,2020125,2020125,True,2020125,1,selected_newest_stable_tiebreak
bart_live_20260913_201652,2020179,2020179,True,2020179,1,selected_newest_stable_tiebreak
bart_live_20260913_201652,2020180,2020180,True,2020180,1,selected_newest_stable_tiebreak
bart_live_20260913_201652,2020181,2020181,True,2020181,1,selected_newest_stable_tiebreak
bart_live_20260913_201652,2020182,2020182,True,2020182,1,selected_newest_stable_tiebreak
bart_live_20260913_201652,2020183,2020183,True,2020183,1,selected_newest_stable_tiebreak
bart_live_20260913_201652,2020184,2020184,True,2020184,1,selected_newest_stable_tiebreak
bart_live_20260913_201652,694,694,True,694,1,selected_newest_stable_tiebreak
bart_live_20260913_201652,696,696,True,696,1,selected_newest_stable_tiebreak
bart_live_20260913_201652,698,698,True,698,1,selected_newest_stable_tiebreak
bart_live_20260913_201652,699,699,True,699,1,selected_newest_stable_tiebreak
bart_live_20260913_201652,700,700,True,700,1,selected_newest_stable_tiebreak
bart_live_20260913_201652,701,701,True,701,1,selected_newest_stable_tiebreak
bart_live_20260913_201652,702,702,True,702,1,selected_newest_stable_tiebreak
bart_live_20260913_201652,703,703,True,703,1,selected_newest_stable_tiebreak
bart_live_20260913_201652,705,705,True,705,1,selected_newest_stable_tiebreak
bart_live_20260913_201652,707,707,True,707,1,selected_newest_stable_tiebreak
bart_live_terminals_20260911_183436,1965118,1965118,True,1965118,1,selected_newest_stable_tiebreak
bart_live_terminals_20260911_183436,1965119,1965119,True,1965119,1,selected_newest_stable_tiebreak
bart_live_terminals_20260911_183436,1965158,1965158,True,1965158,1,selected_newest_stable_tiebreak
bart_live_terminals_20260911_183436,1965159,1965159,True,1965159,1,selected_newest_stable_tiebreak
bart_live_terminals_20260911_183436,1965160,1965160,True,1965160,1,selected_newest_stable_tiebreak
bart_live_terminals_20260911_183436,1965161,1965161,True,1965161,1,selected_newest_stable_tiebreak
bart_live_terminals_20260911_183436,1965162,1965162,True,1965162,1,selected_newest_stable_tiebreak
bart_live_terminals_20260911_183436,1965200,1965200,True,1965200,1,selected_newest_stable_tiebreak
bart_live_terminals_20260911_183436,1965201,1965201,True,1965201,1,selected_newest_stable_tiebreak
bart_live_terminals_20260911_183436,1965202,1965202,True,1965202,1,selected_newest_stable_tiebreak
bart_live_terminals_20260911_183436,1965203,1965203,True,1965203,1,selected_newest_stable_tiebreak
bart_live_terminals_20260911_183436,1965204,1965204,True,1965204,1,selected_newest_stable_tiebreak
bart_live_terminals_20260911_183436,1965205,1965205,True,1965205,1,selected_newest_stable_tiebreak
bart_live_terminals_20260911_183436,1965277,1965277,True,1965277,1,selected_newest_stable_tiebreak
bart_live_terminals_20260911_183436,1965278,1965278,True,1965278,1,selected_newest_stable_tiebreak
bart_live_terminals_20260911_183436,1965279,1965279,True,1965279,1,selected_newest_stable_tiebreak
bart_live_terminals_20260911_183436,1965280,1965280,True,1965280,1,selected_newest_stable_tiebreak
bart_live_terminals_20260911_183436,1965281,1965281,True,1965281,1,selected_newest_stable_tiebreak
bart_live_terminals_20260911_183436,1965282,1965282,True,1965282,1,selected_newest_stable_tiebreak
bart_live_terminals_20260911_183436,1965283,1965283,True,1965283,1,selected_newest_stable_tiebreak
bart_live_terminals_20260911_183436,1965299,1965299,True,1965299,1,selected_newest_stable_tiebreak
bart_live_terminals_20260911_183436,1965300,1965300,True,1965300,1,selected_newest_stable_tiebreak
bart_live_terminals_20260911_183436,1965308,1965308,True,1965308,1,selected_newest_stable_tiebreak
bart_live_terminals_20260911_183436,1965309,1965309,True,1965309,1,selected_newest_stable_tiebreak
bart_live_terminals_20260911_183436,1965341,1965341,True,1965341,1,selected_newest_stable_tiebreak
bart_live_terminals_20260911_183436,1965405,1965405,True,1965405,1,selected_newest_stable_tiebreak
bart_live_terminals_20260911_183436,1965406,1965406,True,1965406,1,selected_newest_stable_tiebreak
bart_live_terminals_20260911_183436,1965407,1965407,True,1965407,1,selected_newest_stable_tiebreak
bart_live_terminals_20260911_183436,1965408,1965408,True,1965408,1,selected_newest_stable_tiebreak
bart_live_terminals_20260911_183436,1965409,1965409,True,1965409,1,selected_newest_stable_tiebreak
bart_live_terminals_20260911_183436,1965462,1965462,True,1965462,1,selected_newest_stable_tiebreak
bart_live_terminals_20260911_183436,1965463,1965463,True,1965463,1,selected_newest_stable_tiebreak
bart_live_terminals_20260911_183436,1965464,1965464,True,1965464,1,selected_newest_stable_tiebreak
bart_live_terminals_20260911_183436,1965465,1965465,True,1965465,1,selected_newest_stable_tiebreak
bart_live_terminals_20260911_183436,1965466,1965466,True,1965466,1,selected_newest_stable_tiebreak
bart_live_terminals_20260911_183436,1965467,1965467,True,1965467,1,selected_newest_stable_tiebreak
bart_live_terminals_20260911_183436,1965523,1965523,True,1965523,1,selected_newest_stable_tiebreak
bart_live_terminals_20260911_183436,1965524,1965524,True,1965524,1,selected_newest_stable_tiebreak
bart_live_terminals_20260911_183436,1965525,1965525,True,1965525,1,selected_newest_stable_tiebreak
bart_live_terminals_20260911_183436,1965526,1965526,True,1965526,1,selected_newest_stable_tiebreak
bart_live_terminals_20260911_183436,1965528,1965528,True,1965528,1,selected_newest_stable_tiebreak
bart_live_terminals_20260911_183436,1965567,1965567,True,1965567,1,selected_newest_stable_tiebreak
bart_live_terminals_20260911_183436,1965568,1965568,True,1965568,1,selected_newest_stable_tiebreak
bart_live_terminals_20260911_183436,1965569,1965569,True,1965569,1,selected_newest_stable_tiebreak
bart_live_terminals_20260911_183436,1965570,1965570,True,1965570,1,selected_newest_stable_tiebreak
bart_live_terminals_20260911_183436,1965571,1965571,True,1965571,1,selected_newest_stable_tiebreak
bart_live_terminals_20260911_183436,1965572,1965572,True,1965572,1,selected_newest_stable_tiebreak
bart_live_terminals_20260911_183436,1965573,1965573,True,1965573,1,selected_newest_stable_tiebreak
bart_live_terminals_20260911_183436,1965574,1965574,True,1965574,1,selected_newest_stable_tiebreak
bart_live_terminals_20260911_183436,1965661,1965661,True,1965661,1,selected_newest_stable_tiebreak
bart_live_terminals_20260911_183436,1965662,1965662,True,1965662,1,selected_newest_stable_tiebreak
bart_live_terminals_20260911_183436,1965663,1965663,True,1965663,1,selected_newest_stable_tiebreak
bart_live_terminals_20260911_183436,1965664,1965664,True,1965664,1,selected_newest_stable_tiebreak
bart_live_terminals_20260911_183436,1965665,1965665,True,1965665,1,selected_newest_stable_tiebreak
bart_live_terminals_20260911_183436,1965666,1965666,True,1965666,1,selected_newest_stable_tiebreak
bart_live_terminals_20260911_183436,1965702,1965702,True,1965702,1,selected_newest_stable_tiebreak
bart_live_terminals_20260911_183436,1965703,1965703,True,1965703,1,selected_newest_stable_tiebreak
bart_live_terminals_20260911_183436,1965704,1965704,True,1965704,1,selected_newest_stable_tiebreak
bart_live_terminals_20260911_183436,1965705,1965705,True,1965705,1,selected_newest_stable_tiebreak
bart_live_terminals_20260911_183436,1965706,1965706,True,1965706,1,selected_newest_stable_tiebreak
bart_live_terminals_20260911_183436,1965707,1965707,True,1965707,1,selected_newest_stable_tiebreak
bart_live_terminals_20260911_183436,1965708,1965708,True,1965708,1,selected_newest_stable_tiebreak
bart_live_terminals_20260911_183436,1965798,1965798,True,1965798,1,selected_newest_stable_tiebreak
bart_live_terminals_20260911_183436,1965799,1965799,True,1965799,1,selected_newest_stable_tiebreak
bart_live_terminals_20260911_183436,1965800,1965800,True,1965800,1,selected_newest_stable_tiebreak
bart_live_terminals_20260911_183436,1965801,1965801,True,1965801,1,selected_newest_stable_tiebreak
bart_live_terminals_20260911_183436,1965802,1965802,True,1965802,1,selected_newest_stable_tiebreak
bart_live_terminals_20260911_183436,1965852,1965852,True,1965852,1,selected_newest_stable_tiebreak
bart_live_terminals_20260911_183436,1965854,1965854,True,1965854,1,selected_newest_stable_tiebreak
bart_live_terminals_20260911_183436,1965855,1965855,True,1965855,1,selected_newest_stable_tiebreak
bart_live_terminals_20260911_183436,1965856,1965856,True,1965856,1,selected_newest_stable_tiebreak
bart_live_terminals_20260911_183436,1965857,1965857,True,1965857,1,selected_newest_stable_tiebreak
bart_live_terminals_20260911_183436,1965858,1965858,True,1965858,1,selected_newest_stable_tiebreak
bart_live_terminals_20260911_183436,505172230,505172230,True,505172230,1,selected_newest_stable_tiebreak
bart_live_terminals_20260911_183436,690,690,True,690,1,selected_newest_stable_tiebreak
bart_live_terminals_20260911_183436,692,692,True,692,1,selected_newest_stable_tiebreak
bart_live_terminals_20260911_183436,694,694,True,694,1,selected_newest_stable_tiebreak
bart_live_terminals_20260911_183436,695,695,True,695,1,selected_newest_stable_tiebreak
bart_live_terminals_20260911_183436,696,696,True,696,1,selected_newest_stable_tiebreak
bart_live_terminals_20260911_183436,697,697,True,697,1,selected_newest_stable_tiebreak
bart_live_terminals_20260911_183436,699,699,True,699,1,selected_newest_stable_tiebreak
bart_live_terminals_20260911_183436,701,701,True,701,1,selected_newest_stable_tiebreak
bart_live_terminals_20260911_183436,703,703,True,703,1,selected_newest_stable_tiebreak
bart_live_terminals_20260911_183436,705,705,True,705,1,selected_newest_stable_tiebreak
